_012_National_Employment_Matrix_title_and_code|SOCCode|Number2012|Number2022|Percent2012|Percent2022|NumberChange|PercentChange|JobOpenings
Total, all occupations|00-0000|145355.8|160983.7|100.0|100.0|15628.0|10.8|50557.3
Management occupations|11-0000|8861.5|9498.0|6.1|5.9|636.6|7.2|2586.7
Top executives|11-1000|2361.5|2626.8|1.6|1.6|265.2|11.2|717.4
Chief executives|11-1011|330.5|347.9|0.2|0.2|17.4|5.3|87.8
General and operations managers|11-1021|1972.7|2216.8|1.4|1.4|244.1|12.4|613.1
Legislators|11-1031|58.4|62.1|0.0|0.0|3.7|6.4|16.5
Advertising, marketing, promotions, public relations, and sales managers|11-2000|637.4|700.5|0.4|0.4|63.1|9.9|203.3
Advertising and promotions managers|11-2011|35.5|38.0|0.0|0.0|2.4|6.9|13.4
Marketing and sales managers|11-2020|539.8|592.5|0.4|0.4|52.7|9.8|168.6
Marketing managers|11-2021|180.5|203.4|0.1|0.1|22.9|12.7|61.7
Sales managers|11-2022|359.3|389.0|0.2|0.2|29.8|8.3|106.9
Public relations and fundraising managers|11-2031|62.1|70.1|0.0|0.0|8.0|12.9|21.3
Operations specialties managers|11-3000|1647.5|1799.7|1.1|1.1|152.1|9.2|459.1
Administrative services managers|11-3011|280.8|315.0|0.2|0.2|34.2|12.2|79.9
Computer and information systems managers|11-3021|332.7|383.6|0.2|0.2|50.9|15.3|97.1
Financial managers|11-3031|532.1|579.2|0.4|0.4|47.1|8.9|146.9
Industrial production managers|11-3051|172.7|168.6|0.1|0.1|-4.1|-2.4|31.4
Purchasing managers|11-3061|71.9|73.4|0.0|0.0|1.5|2.1|17.3
Transportation, storage, and distribution managers|11-3071|105.2|110.3|0.1|0.1|5.1|4.9|29.1
Compensation and benefits managers|11-3111|20.7|21.4|0.0|0.0|0.6|3.1|6.1
Human resources managers|11-3121|102.7|116.3|0.1|0.1|13.6|13.2|40.6
Training and development managers|11-3131|28.6|31.8|0.0|0.0|3.2|11.2|10.7
Other management occupations|11-9000|4215.0|4371.0|2.9|2.7|156.1|3.7|1207.0
Farmers, ranchers, and other agricultural managers|11-9013|930.6|750.7|0.6|0.5|-179.9|-19.3|150.2
Construction managers|11-9021|485.0|563.2|0.3|0.3|78.2|16.1|154.6
Education administrators|11-9030|491.4|542.0|0.3|0.3|50.6|10.3|181.3
Education administrators, preschool and childcare center/program|11-9031|63.8|74.7|0.0|0.0|10.9|17.0|27.8
Education administrators, elementary and secondary school|11-9032|231.5|244.7|0.2|0.2|13.1|5.7|74.7
Education administrators, postsecondary|11-9033|161.8|185.3|0.1|0.1|23.5|14.5|66.5
Education administrators, all other|11-9039|34.2|37.3|0.0|0.0|3.1|9.0|12.2
Architectural and engineering managers|11-9041|193.8|206.9|0.1|0.1|13.1|6.7|60.6
Food service managers|11-9051|321.4|326.5|0.2|0.2|5.0|1.6|62.4
Funeral service managers|11-9061|9.3|10.5|0.0|0.0|1.2|12.5|3.2
Gaming managers|11-9071|4.8|5.2|0.0|0.0|0.4|7.5|1.4
Lodging managers|11-9081|50.4|51.1|0.0|0.0|0.7|1.4|16.2
Medical and health services managers|11-9111|315.5|388.8|0.2|0.2|73.3|23.2|149.9
Natural sciences managers|11-9121|51.6|54.5|0.0|0.0|2.9|5.7|13.7
Postmasters and mail superintendents|11-9131|23.0|17.4|0.0|0.0|-5.6|-24.2|5.0
Property, real estate, and community association managers|11-9141|297.0|332.0|0.2|0.2|35.0|11.8|102.1
Social and community service managers|11-9151|132.9|160.6|0.1|0.1|27.7|20.8|55.1
Emergency management directors|11-9161|9.9|10.7|0.0|0.0|0.8|8.3|2.2
Managers, all other|11-9199|898.2|950.8|0.6|0.6|52.6|5.9|249.1
Business and financial operations occupations|13-0000|7167.6|8065.7|4.9|5.0|898.1|12.5|2351.5
Business operations specialists|13-1000|4432.3|5009.2|3.0|3.1|576.9|13.0|1344.1
Agents and business managers of artists, performers, and athletes|13-1011|18.3|20.1|0.0|0.0|1.8|9.7|5.8
Buyers and purchasing agents|13-1020|432.7|450.9|0.3|0.3|18.1|4.2|105.0
Buyers and purchasing agents, farm products|13-1021|14.2|15.0|0.0|0.0|0.8|5.9|3.5
Wholesale and retail buyers, except farm products|13-1022|124.6|133.5|0.1|0.1|8.9|7.1|39.9
Purchasing agents, except wholesale, retail, and farm products|13-1023|294.0|302.4|0.2|0.2|8.4|2.9|61.6
Claims adjusters, appraisers, examiners, and investigators|13-1030|311.1|321.9|0.2|0.2|10.8|3.5|83.4
Claims adjusters, examiners, and investigators|13-1031|297.6|309.1|0.2|0.2|11.5|3.9|80.3
Insurance appraisers, auto damage|13-1032|13.5|12.8|0.0|0.0|-0.7|-5.3|3.1
Compliance officers|13-1041|239.8|250.8|0.2|0.2|11.0|4.6|55.3
Cost estimators|13-1051|202.2|255.2|0.1|0.2|53.0|26.2|118.0
Human resources workers|13-1070|495.6|528.1|0.3|0.3|32.5|6.6|123.7
Human resources specialists|13-1071|418.0|451.1|0.3|0.3|33.2|7.9|109.5
Labor relations specialists|13-1075|77.6|76.9|0.1|0.0|-0.6|-0.8|14.2
Logisticians|13-1081|125.9|153.6|0.1|0.1|27.6|21.9|42.2
Management analysts|13-1111|718.7|852.5|0.5|0.5|133.8|18.6|245.2
Meeting, convention, and event planners|13-1121|94.2|125.4|0.1|0.1|31.3|33.2|44.2
Fundraisers|13-1131|65.7|77.1|0.0|0.0|11.4|17.3|24.3
Compensation, benefits, and job analysis specialists|13-1141|91.7|97.0|0.1|0.1|5.3|5.8|22.0
Training and development specialists|13-1151|228.8|264.2|0.2|0.2|35.4|15.5|77.2
Market research analysts and marketing specialists|13-1161|415.7|547.2|0.3|0.3|131.5|31.6|188.5
Business operations specialists, all other|13-1199|991.8|1065.2|0.7|0.7|73.4|7.4|209.4
Financial specialists|13-2000|2735.3|3056.5|1.9|1.9|321.2|11.7|1007.4
Accountants and auditors|13-2011|1275.4|1442.2|0.9|0.9|166.7|13.1|544.2
Appraisers and assessors of real estate|13-2021|83.7|88.4|0.1|0.1|4.7|5.6|12.1
Budget analysts|13-2031|61.7|65.5|0.0|0.0|3.8|6.1|28.5
Credit analysts|13-2041|61.8|68.2|0.0|0.0|6.4|10.4|21.8
Financial analysts and advisors|13-2050|582.7|675.9|0.4|0.4|93.2|16.0|226.2
Financial analysts|13-2051|253.0|292.4|0.2|0.2|39.3|15.5|100.9
Personal financial advisors|13-2052|223.4|283.7|0.2|0.2|60.3|27.0|96.4
Insurance underwriters|13-2053|106.3|99.8|0.1|0.1|-6.5|-6.1|28.9
Financial examiners|13-2061|29.2|31.1|0.0|0.0|1.8|6.3|9.2
Credit counselors and loan officers|13-2070|327.8|357.0|0.2|0.2|29.2|8.9|89.2
Credit counselors|13-2071|30.9|37.3|0.0|0.0|6.4|20.7|12.0
Loan officers|13-2072|296.9|319.8|0.2|0.2|22.9|7.7|77.2
Tax examiners, collectors and preparers, and revenue agents|13-2080|157.0|163.0|0.1|0.1|6.0|3.8|50.4
Tax examiners and collectors, and revenue agents|13-2081|69.5|66.8|0.0|0.0|-2.7|-3.9|23.9
Tax preparers|13-2082|87.6|96.2|0.1|0.1|8.7|9.9|26.5
Financial specialists, all other|13-2099|155.8|165.2|0.1|0.1|9.4|6.1|25.8
Computer and mathematical occupations|15-0000|3814.7|4500.5|2.6|2.8|685.8|18.0|1308.5
Computer occupations|15-1100|3682.3|4333.6|2.5|2.7|651.3|17.7|1240.1
Computer and information research scientists|15-1111|26.7|30.8|0.0|0.0|4.1|15.3|8.3
Computer and information analysts|15-1120|595.7|750.9|0.4|0.5|155.2|26.1|248.8
Computer systems analysts|15-1121|520.6|648.4|0.4|0.4|127.7|24.5|209.6
Information security analysts|15-1122|75.1|102.5|0.1|0.1|27.4|36.5|39.2
Software developers and programmers|15-1130|1503.1|1782.6|1.0|1.1|279.5|18.6|522.0
Computer programmers|15-1131|343.7|372.1|0.2|0.2|28.4|8.3|118.1
Software developers, applications|15-1132|613.0|752.9|0.4|0.5|139.9|22.8|218.5
Software developers, systems software|15-1133|405.0|487.8|0.3|0.3|82.8|20.4|134.7
Web developers|15-1134|141.4|169.9|0.1|0.1|28.5|20.1|50.7
Database and systems administrators and network architects|15-1140|628.6|710.3|0.4|0.4|81.8|13.0|184.3
Database administrators|15-1141|118.7|136.6|0.1|0.1|17.9|15.1|40.3
Network and computer systems administrators|15-1142|366.4|409.4|0.3|0.3|42.9|11.7|100.5
Computer network architects|15-1143|143.4|164.3|0.1|0.1|20.9|14.6|43.5
Computer support specialists|15-1150|722.4|845.3|0.5|0.5|123.0|17.0|236.5
Computer user support specialists|15-1151|547.7|658.5|0.4|0.4|110.8|20.2|196.9
Computer network support specialists|15-1152|174.6|186.8|0.1|0.1|12.1|6.9|39.6
Computer occupations, all other|15-1199|205.8|213.6|0.1|0.1|7.8|3.8|40.2
Mathematical science occupations|15-2000|132.4|166.9|0.1|0.1|34.5|26.1|68.4
Actuaries|15-2011|24.3|30.6|0.0|0.0|6.3|26.1|13.2
Mathematicians|15-2021|3.5|4.3|0.0|0.0|0.8|22.7|1.7
Operations research analysts|15-2031|73.2|92.7|0.1|0.1|19.5|26.7|36.0
Statisticians|15-2041|27.6|34.9|0.0|0.0|7.4|26.7|16.1
Miscellaneous mathematical science occupations|15-2090|3.9|4.4|0.0|0.0|0.5|12.9|1.5
Mathematical technicians|15-2091|1.9|2.1|0.0|0.0|0.2|12.6|0.7
Mathematical science occupations, all other|15-2099|1.9|2.2|0.0|0.0|0.3|13.3|0.7
Architecture and engineering occupations|17-0000|2474.5|2654.0|1.7|1.6|179.6|7.3|763.9
Architects, surveyors, and cartographers|17-1000|182.1|210.3|0.1|0.1|28.2|15.5|70.0
Architects, except naval|17-1010|127.5|149.0|0.1|0.1|21.4|16.8|51.7
Architects, except landscape and naval|17-1011|107.4|126.0|0.1|0.1|18.6|17.3|44.1
Landscape architects|17-1012|20.1|22.9|0.0|0.0|2.9|14.3|7.6
Surveyors, cartographers, and photogrammetrists|17-1020|54.5|61.3|0.0|0.0|6.8|12.4|18.3
Cartographers and photogrammetrists|17-1021|12.1|14.5|0.0|0.0|2.4|19.6|4.9
Surveyors|17-1022|42.4|46.8|0.0|0.0|4.4|10.3|13.4
Engineers|17-2000|1589.6|1726.1|1.1|1.1|136.5|8.6|544.3
Aerospace engineers|17-2011|83.0|89.1|0.1|0.1|6.1|7.3|25.4
Agricultural engineers|17-2021|2.6|2.7|0.0|0.0|0.1|4.8|0.8
Biomedical engineers|17-2031|19.4|24.6|0.0|0.0|5.2|26.6|10.1
Chemical engineers|17-2041|33.3|34.8|0.0|0.0|1.5|4.5|9.2
Civil engineers|17-2051|272.9|326.6|0.2|0.2|53.7|19.7|120.1
Computer hardware engineers|17-2061|83.3|89.4|0.1|0.1|6.2|7.4|24.1
Electrical and electronics engineers|17-2070|306.1|318.7|0.2|0.2|12.6|4.1|79.4
Electrical engineers|17-2071|166.1|174.0|0.1|0.1|7.9|4.7|44.1
Electronics engineers, except computer|17-2072|140.0|144.8|0.1|0.1|4.8|3.4|35.3
Environmental engineers|17-2081|53.2|61.4|0.0|0.0|8.1|15.3|21.1
Industrial engineers, including health and safety|17-2110|247.4|260.1|0.2|0.2|12.7|5.1|85.1
Health and safety engineers, except mining safety engineers and inspectors|17-2111|24.1|26.7|0.0|0.0|2.6|11.0|9.7
Industrial engineers|17-2112|223.3|233.4|0.2|0.1|10.1|4.5|75.4
Marine engineers and naval architects|17-2121|7.3|8.1|0.0|0.0|0.8|10.3|2.6
Materials engineers|17-2131|23.2|23.4|0.0|0.0|0.2|0.9|7.5
Mechanical engineers|17-2141|258.1|269.7|0.2|0.2|11.6|4.5|99.7
Mining and geological engineers, including mining safety engineers|17-2151|7.9|8.9|0.0|0.0|1.0|12.0|3.0
Nuclear engineers|17-2161|20.4|22.3|0.0|0.0|1.9|9.3|7.1
Petroleum engineers|17-2171|38.5|48.4|0.0|0.0|9.8|25.5|19.6
Engineers, all other|17-2199|133.0|138.1|0.1|0.1|5.1|3.8|29.5
Drafters, engineering technicians, and mapping technicians|17-3000|702.8|717.7|0.5|0.4|14.8|2.1|149.6
Drafters|17-3010|199.8|202.0|0.1|0.1|2.2|1.1|32.1
Architectural and civil drafters|17-3011|87.9|88.5|0.1|0.1|0.7|0.8|12.4
Electrical and electronics drafters|17-3012|29.6|32.5|0.0|0.0|2.9|9.6|6.8
Mechanical drafters|17-3013|66.7|63.4|0.0|0.0|-3.3|-4.9|8.9
Drafters, all other|17-3019|15.6|17.6|0.0|0.0|2.0|12.7|4.1
Engineering technicians, except drafters|17-3020|449.1|454.4|0.3|0.3|5.3|1.2|100.5
Aerospace engineering and operations technicians|17-3021|9.9|9.9|0.0|0.0|0.0|-0.4|2.1
Civil engineering technicians|17-3022|73.1|73.6|0.1|0.0|0.4|0.6|15.6
Electrical and electronics engineering technicians|17-3023|146.5|146.5|0.1|0.1|0.0|0.0|30.4
Electro-mechanical technicians|17-3024|17.3|18.0|0.0|0.0|0.7|3.9|4.3
Environmental engineering technicians|17-3025|19.0|22.5|0.0|0.0|3.5|18.4|7.4
Industrial engineering technicians|17-3026|68.0|65.8|0.0|0.0|-2.2|-3.2|14.1
Mechanical engineering technicians|17-3027|47.5|49.7|0.0|0.0|2.2|4.7|12.1
Engineering technicians, except drafters, all other|17-3029|67.7|68.3|0.0|0.0|0.6|0.9|14.6
Surveying and mapping technicians|17-3031|54.0|61.3|0.0|0.0|7.3|13.5|17.0
Life, physical, and social science occupations|19-0000|1249.1|1374.8|0.9|0.9|125.7|10.1|488.2
Life scientists|19-1000|294.5|321.8|0.2|0.2|27.2|9.2|104.7
Agricultural and food scientists|19-1010|38.5|42.0|0.0|0.0|3.6|9.3|16.4
Animal scientists|19-1011|2.7|3.0|0.0|0.0|0.2|8.8|1.2
Food scientists and technologists|19-1012|19.4|21.5|0.0|0.0|2.1|10.8|8.5
Soil and plant scientists|19-1013|16.3|17.6|0.0|0.0|1.2|7.5|6.7
Biological scientists|19-1020|103.7|111.3|0.1|0.1|7.6|7.3|37.4
Biochemists and biophysicists|19-1021|29.2|34.6|0.0|0.0|5.4|18.6|13.7
Microbiologists|19-1022|20.1|21.6|0.0|0.0|1.4|7.0|7.1
Zoologists and wildlife biologists|19-1023|20.1|21.1|0.0|0.0|1.0|4.9|6.7
Biological scientists, all other|19-1029|34.3|34.1|0.0|0.0|-0.2|-0.6|9.8
Conservation scientists and foresters|19-1030|34.2|35.0|0.0|0.0|0.9|2.5|10.8
Conservation scientists|19-1031|22.1|22.3|0.0|0.0|0.1|0.5|6.6
Foresters|19-1032|12.0|12.8|0.0|0.0|0.7|6.1|4.2
Medical scientists|19-1040|108.3|122.5|0.1|0.1|14.2|13.1|37.1
Epidemiologists|19-1041|5.1|5.7|0.0|0.0|0.5|10.2|1.6
Medical scientists, except epidemiologists|19-1042|103.1|116.8|0.1|0.1|13.7|13.3|35.5
Life scientists, all other|19-1099|9.9|10.9|0.0|0.0|1.0|10.2|3.1
Physical scientists|19-2000|297.4|328.1|0.2|0.2|30.7|10.3|110.6
Astronomers and physicists|19-2010|23.3|25.7|0.0|0.0|2.4|10.3|8.1
Astronomers|19-2011|2.7|2.9|0.0|0.0|0.3|10.0|0.9
Physicists|19-2012|20.6|22.7|0.0|0.0|2.1|10.4|7.2
Atmospheric and space scientists|19-2021|11.1|12.2|0.0|0.0|1.1|10.0|3.8
Chemists and materials scientists|19-2030|96.2|101.6|0.1|0.1|5.4|5.6|30.4
Chemists|19-2031|87.9|92.9|0.1|0.1|5.0|5.6|27.8
Materials scientists|19-2032|8.3|8.8|0.0|0.0|0.4|5.2|2.6
Environmental scientists and geoscientists|19-2040|135.5|155.5|0.1|0.1|20.0|14.7|59.9
Environmental scientists and specialists, including health|19-2041|90.0|103.2|0.1|0.1|13.2|14.6|39.7
Geoscientists, except hydrologists and geographers|19-2042|38.2|44.2|0.0|0.0|6.0|15.8|17.3
Hydrologists|19-2043|7.4|8.1|0.0|0.0|0.8|10.4|2.9
Physical scientists, all other|19-2099|31.2|33.1|0.0|0.0|1.8|5.9|8.3
Social scientists and related workers|19-3000|290.4|323.2|0.2|0.2|32.8|11.3|111.0
Economists|19-3011|16.9|19.2|0.0|0.0|2.3|13.9|7.4
Survey researchers|19-3022|18.0|21.2|0.0|0.0|3.2|17.6|5.6
Psychologists|19-3030|160.2|178.9|0.1|0.1|18.7|11.7|62.3
Clinical, counseling, and school psychologists|19-3031|145.1|161.5|0.1|0.1|16.4|11.3|55.9
Industrial-organizational psychologists|19-3032|1.6|2.5|0.0|0.0|0.9|53.4|1.3
Psychologists, all other|19-3039|13.4|14.9|0.0|0.0|1.4|10.7|5.1
Sociologists|19-3041|2.6|3.0|0.0|0.0|0.4|15.0|1.1
Urban and regional planners|19-3051|38.7|42.7|0.0|0.0|4.0|10.3|21.4
Miscellaneous social scientists and related workers|19-3090|54.1|58.3|0.0|0.0|4.2|7.7|13.2
Anthropologists and archeologists|19-3091|7.2|8.6|0.0|0.0|1.4|19.4|2.6
Geographers|19-3092|1.7|2.2|0.0|0.0|0.5|29.0|0.8
Historians|19-3093|3.8|4.0|0.0|0.0|0.2|6.0|0.8
Political scientists|19-3094|6.6|8.0|0.0|0.0|1.4|21.3|2.5
Social scientists and related workers, all other|19-3099|34.8|35.5|0.0|0.0|0.7|1.9|6.4
Life, physical, and social science technicians|19-4000|366.8|401.8|0.3|0.2|35.0|9.5|162.0
Agricultural and food science technicians|19-4011|25.9|26.7|0.0|0.0|0.8|2.9|10.1
Biological technicians|19-4021|80.2|88.3|0.1|0.1|8.0|10.0|32.1
Chemical technicians|19-4031|63.6|69.5|0.0|0.0|6.0|9.4|21.6
Geological and petroleum technicians|19-4041|15.8|18.2|0.0|0.0|2.4|15.1|8.1
Nuclear technicians|19-4051|8.1|9.3|0.0|0.0|1.2|14.9|4.1
Social science research assistants|19-4061|29.6|34.0|0.0|0.0|4.4|15.0|16.1
Miscellaneous life, physical, and social science technicians|19-4090|143.6|155.8|0.1|0.1|12.2|8.5|69.8
Environmental science and protection technicians, including health|19-4091|32.8|38.9|0.0|0.0|6.2|18.8|19.0
Forensic science technicians|19-4092|12.9|13.7|0.0|0.0|0.7|5.8|5.8
Forest and conservation technicians|19-4093|34.0|32.8|0.0|0.0|-1.2|-3.5|13.4
Life, physical, and social science technicians, all other|19-4099|63.9|70.4|0.0|0.0|6.5|10.1|31.6
Community and social service occupations|21-0000|2374.7|2783.4|1.6|1.7|408.8|17.2|962.9
Counselors, social workers, and other community and social service specialists|21-1000|1940.9|2309.4|1.3|1.4|368.5|19.0|814.2
Counselors|21-1010|665.5|802.3|0.5|0.5|136.8|20.6|278.3
Substance abuse and behavioral disorder counselors|21-1011|89.6|117.7|0.1|0.1|28.2|31.4|47.2
Educational, guidance, school, and vocational counselors|21-1012|262.3|293.5|0.2|0.2|31.2|11.9|87.0
Marriage and family therapists|21-1013|37.8|49.4|0.0|0.0|11.6|30.6|19.6
Mental health counselors|21-1014|128.4|165.1|0.1|0.1|36.7|28.5|64.0
Rehabilitation counselors|21-1015|117.5|140.9|0.1|0.1|23.4|19.9|48.4
Counselors, all other|21-1019|29.8|35.6|0.0|0.0|5.8|19.4|12.1
Social workers|21-1020|607.3|721.5|0.4|0.4|114.1|18.8|242.8
Child, family, and school social workers|21-1021|285.7|328.8|0.2|0.2|43.1|15.1|103.6
Healthcare social workers|21-1022|146.2|185.5|0.1|0.1|39.2|26.8|70.2
Mental health and substance abuse social workers|21-1023|114.2|140.2|0.1|0.1|26.0|22.8|50.2
Social workers, all other|21-1029|61.2|67.0|0.0|0.0|5.8|9.5|18.8
Miscellaneous community and social service specialists|21-1090|668.0|785.6|0.5|0.5|117.6|17.6|293.2
Health educators|21-1091|58.9|70.1|0.0|0.0|11.2|19.0|26.6
Probation officers and correctional treatment specialists|21-1092|90.3|89.3|0.1|0.1|-0.9|-1.0|23.6
Social and human service assistants|21-1093|372.7|453.9|0.3|0.3|81.2|21.8|178.7
Community health workers|21-1094|40.5|50.7|0.0|0.0|10.2|25.1|20.8
Community and social service specialists, all other|21-1099|105.6|121.6|0.1|0.1|16.0|15.1|43.6
Religious workers|21-2000|433.8|474.1|0.3|0.3|40.3|9.3|148.7
Clergy|21-2011|239.6|263.2|0.2|0.2|23.6|9.8|72.6
Directors, religious activities and education|21-2021|134.2|145.5|0.1|0.1|11.3|8.4|57.0
Religious workers, all other|21-2099|59.9|65.3|0.0|0.0|5.4|8.9|19.1
Legal occupations|23-0000|1247.0|1379.9|0.9|0.9|132.9|10.7|333.8
Lawyers, judges, and related workers|23-1000|823.6|900.2|0.6|0.6|76.6|9.3|208.8
Lawyers and judicial law clerks|23-1010|772.0|847.3|0.5|0.5|75.4|9.8|199.0
Lawyers|23-1011|759.8|834.7|0.5|0.5|74.8|9.8|196.5
Judicial law clerks|23-1012|12.1|12.7|0.0|0.0|0.5|4.3|2.5
Judges, magistrates, and other judicial workers|23-1020|51.6|52.9|0.0|0.0|1.3|2.5|9.8
Administrative law judges, adjudicators, and hearing officers|23-1021|14.9|14.7|0.0|0.0|-0.3|-1.7|2.4
Arbitrators, mediators, and conciliators|23-1022|8.4|9.3|0.0|0.0|0.9|10.4|2.2
Judges, magistrate judges, and magistrates|23-1023|28.3|29.0|0.0|0.0|0.7|2.3|5.2
Legal support workers|23-2000|423.4|479.7|0.3|0.3|56.3|13.3|125.1
Paralegals and legal assistants|23-2011|277.0|323.3|0.2|0.2|46.2|16.7|91.2
Miscellaneous legal support workers|23-2090|146.3|156.4|0.1|0.1|10.1|6.9|33.8
Court reporters|23-2091|21.2|23.2|0.0|0.0|2.0|9.6|5.5
Title examiners, abstractors, and searchers|23-2093|67.9|74.1|0.0|0.0|6.2|9.2|17.3
Legal support workers, all other|23-2099|57.3|59.0|0.0|0.0|1.8|3.1|11.1
Education, training, and library occupations|25-0000|9115.9|10131.7|6.3|6.3|1015.8|11.1|2896.9
Postsecondary teachers|25-1000|1830.9|2134.5|1.3|1.3|303.5|16.6|578.7
Business teachers, postsecondary|25-1011|103.4|118.5|0.1|0.1|15.2|14.7|30.7
Math and computer teachers, postsecondary|25-1020|105.1|117.6|0.1|0.1|12.6|12.0|28.4
Computer science teachers, postsecondary|25-1021|41.7|47.0|0.0|0.0|5.3|12.7|11.6
Mathematical science teachers, postsecondary|25-1022|63.3|70.6|0.0|0.0|7.3|11.5|16.8
Engineering and architecture teachers, postsecondary|25-1030|51.7|58.0|0.0|0.0|6.3|12.2|14.1
Architecture teachers, postsecondary|25-1031|9.1|10.4|0.0|0.0|1.3|14.3|2.7
Engineering teachers, postsecondary|25-1032|42.5|47.5|0.0|0.0|5.0|11.8|11.4
Life sciences teachers, postsecondary|25-1040|77.3|90.6|0.1|0.1|13.3|17.2|24.9
Agricultural sciences teachers, postsecondary|25-1041|12.8|13.9|0.0|0.0|1.0|8.0|3.0
Biological science teachers, postsecondary|25-1042|61.4|73.4|0.0|0.0|12.0|19.5|21.2
Forestry and conservation science teachers, postsecondary|25-1043|3.1|3.4|0.0|0.0|0.3|9.9|0.8
Physical sciences teachers, postsecondary|25-1050|62.2|70.4|0.0|0.0|8.2|13.2|17.6
Atmospheric, earth, marine, and space sciences teachers, postsecondary|25-1051|13.2|14.7|0.0|0.0|1.5|11.4|3.5
Chemistry teachers, postsecondary|25-1052|25.3|28.8|0.0|0.0|3.5|13.7|7.3
Environmental science teachers, postsecondary|25-1053|6.3|7.1|0.0|0.0|0.8|13.2|1.8
Physics teachers, postsecondary|25-1054|17.4|19.8|0.0|0.0|2.4|13.8|5.0
Social sciences teachers, postsecondary|25-1060|143.3|163.2|0.1|0.1|19.9|13.9|41.5
Anthropology and archeology teachers, postsecondary|25-1061|7.0|7.9|0.0|0.0|0.9|12.5|1.9
Area, ethnic, and cultural studies teachers, postsecondary|25-1062|12.4|14.3|0.0|0.0|1.9|15.8|3.8
Economics teachers, postsecondary|25-1063|16.8|19.2|0.0|0.0|2.4|14.2|4.9
Geography teachers, postsecondary|25-1064|5.5|6.1|0.0|0.0|0.6|10.6|1.4
Political science teachers, postsecondary|25-1065|21.1|24.1|0.0|0.0|3.1|14.6|6.2
Psychology teachers, postsecondary|25-1066|47.5|54.2|0.0|0.0|6.8|14.2|13.9
Sociology teachers, postsecondary|25-1067|20.6|23.3|0.0|0.0|2.6|12.7|5.7
Social sciences teachers, postsecondary, all other|25-1069|12.4|14.1|0.0|0.0|1.7|13.4|3.5
Health teachers, postsecondary|25-1070|257.9|350.4|0.2|0.2|92.6|35.9|131.3
Health specialties teachers, postsecondary|25-1071|190.0|258.6|0.1|0.2|68.6|36.1|97.2
Nursing instructors and teachers, postsecondary|25-1072|67.8|91.8|0.0|0.1|24.0|35.4|34.2
Education and library science teachers, postsecondary|25-1080|84.9|97.1|0.1|0.1|12.2|14.4|25.0
Education teachers, postsecondary|25-1081|79.3|90.9|0.1|0.1|11.6|14.6|23.5
Library science teachers, postsecondary|25-1082|5.5|6.1|0.0|0.0|0.6|10.8|1.4
Law, criminal justice, and social work teachers, postsecondary|25-1110|48.7|56.0|0.0|0.0|7.3|14.9|14.6
Criminal justice and law enforcement teachers, postsecondary|25-1111|16.4|18.5|0.0|0.0|2.1|13.1|4.6
Law teachers, postsecondary|25-1112|20.0|23.5|0.0|0.0|3.5|17.6|6.5
Social work teachers, postsecondary|25-1113|12.4|14.0|0.0|0.0|1.6|13.1|3.5
Arts, communications, and humanities teachers, postsecondary|25-1120|333.3|382.2|0.2|0.2|48.9|14.7|99.0
Art, drama, and music teachers, postsecondary|25-1121|114.3|132.6|0.1|0.1|18.3|16.0|35.5
Communications teachers, postsecondary|25-1122|36.5|41.2|0.0|0.0|4.7|12.7|10.1
English language and literature teachers, postsecondary|25-1123|86.8|97.4|0.1|0.1|10.6|12.2|23.6
Foreign language and literature teachers, postsecondary|25-1124|35.8|41.2|0.0|0.0|5.5|15.3|10.8
History teachers, postsecondary|25-1125|29.2|33.1|0.0|0.0|4.0|13.6|8.3
Philosophy and religion teachers, postsecondary|25-1126|30.8|36.7|0.0|0.0|6.0|19.3|10.6
Miscellaneous postsecondary teachers|25-1190|563.2|630.3|0.4|0.4|67.1|11.9|151.7
Graduate teaching assistants|25-1191|150.3|165.8|0.1|0.1|15.5|10.3|38.0
Home economics teachers, postsecondary|25-1192|5.6|6.2|0.0|0.0|0.5|9.6|1.4
Recreation and fitness studies teachers, postsecondary|25-1193|23.0|25.8|0.0|0.0|2.8|12.2|6.3
Vocational education teachers, postsecondary|25-1194|136.2|152.3|0.1|0.1|16.1|11.8|36.6
Postsecondary teachers, all other|25-1199|248.0|280.2|0.2|0.2|32.2|13.0|69.5
Preschool, primary, secondary, and special education school teachers|25-2000|4115.3|4544.7|2.8|2.8|429.4|10.4|1401.2
Preschool and kindergarten teachers|25-2010|596.7|693.7|0.4|0.4|96.9|16.2|264.5
Preschool teachers, except special education|25-2011|438.2|514.6|0.3|0.3|76.4|17.4|199.4
Kindergarten teachers, except special education|25-2012|158.5|179.1|0.1|0.1|20.6|13.0|65.1
Elementary and middle school teachers|25-2020|1993.8|2238.6|1.4|1.4|244.8|12.3|683.5
Elementary school teachers, except special education|25-2021|1361.2|1529.1|0.9|0.9|167.9|12.3|467.4
Middle school teachers, except special and career/technical education|25-2022|614.4|690.4|0.4|0.4|76.0|12.4|211.2
Career/technical education teachers, middle school|25-2023|18.2|19.1|0.0|0.0|0.9|5.2|4.9
Secondary school teachers|25-2030|1041.3|1098.4|0.7|0.7|57.2|5.5|340.1
Secondary school teachers, except special and career/technical education|25-2031|955.8|1008.7|0.7|0.6|52.9|5.5|312.6
Career/technical education teachers, secondary school|25-2032|85.4|89.7|0.1|0.1|4.3|5.0|27.5
Special education teachers|25-2050|483.5|514.0|0.3|0.3|30.5|6.3|113.0
Special education teachers, preschool|25-2051|22.3|25.9|0.0|0.0|3.6|16.2|7.4
Special education teachers, kindergarten and elementary school|25-2052|194.6|206.6|0.1|0.1|12.0|6.2|45.2
Special education teachers, middle school|25-2053|94.6|99.5|0.1|0.1|4.9|5.2|21.1
Special education teachers, secondary school|25-2054|131.3|137.4|0.1|0.1|6.1|4.6|28.5
Special education teachers, all other|25-2059|40.7|44.6|0.0|0.0|3.9|9.5|10.8
Other teachers and instructors|25-3000|1375.3|1501.8|0.9|0.9|126.6|9.2|361.3
Adult basic and secondary education and literacy teachers and instructors|25-3011|77.4|84.2|0.1|0.1|6.7|8.7|19.9
Self-enrichment education teachers|25-3021|316.2|360.1|0.2|0.2|43.9|13.9|97.9
Teachers and instructors, all other|25-3099|981.6|1057.5|0.7|0.7|75.9|7.7|243.5
Librarians, curators, and archivists|25-4000|283.9|307.1|0.2|0.2|23.3|8.2|120.5
Archivists, curators, and museum technicians|25-4010|29.3|32.6|0.0|0.0|3.3|11.4|9.7
Archivists|25-4011|6.5|7.6|0.0|0.0|1.1|16.6|2.5
Curators|25-4012|11.4|12.9|0.0|0.0|1.4|12.5|3.9
Museum technicians and conservators|25-4013|11.3|12.1|0.0|0.0|0.8|7.1|3.3
Librarians|25-4021|148.4|159.4|0.1|0.1|11.0|7.4|44.4
Library technicians|25-4031|106.2|115.2|0.1|0.1|9.0|8.4|66.3
Other education, training, and library occupations|25-9000|1510.5|1643.5|1.0|1.0|133.0|8.8|435.2
Audio-visual and multimedia collections specialists|25-9011|9.7|9.6|0.0|0.0|-0.1|-0.8|0.8
Farm and home management advisors|25-9021|13.7|15.0|0.0|0.0|1.3|9.7|2.5
Instructional coordinators|25-9031|147.7|166.2|0.1|0.1|18.5|12.5|31.1
Teacher assistants|25-9041|1223.4|1328.5|0.8|0.8|105.0|8.6|382.6
Education, training, and library workers, all other|25-9099|116.0|124.2|0.1|0.1|8.2|7.1|18.1
Arts, design, entertainment, sports, and media occupations|27-0000|2570.9|2751.6|1.8|1.7|180.6|7.0|799.5
Art and design workers|27-1000|753.7|793.4|0.5|0.5|39.8|5.3|239.7
Artists and related workers|27-1010|195.1|203.0|0.1|0.1|7.8|4.0|54.3
Art directors|27-1011|74.8|77.0|0.1|0.0|2.2|3.0|20.0
Craft artists|27-1012|11.2|11.6|0.0|0.0|0.4|3.3|3.0
Fine artists, including painters, sculptors, and illustrators|27-1013|28.8|29.9|0.0|0.0|1.1|3.8|7.9
Multimedia artists and animators|27-1014|68.9|73.2|0.0|0.0|4.3|6.3|20.6
Artists and related workers, all other|27-1019|11.4|11.2|0.0|0.0|-0.2|-1.5|2.7
Designers|27-1020|558.5|590.5|0.4|0.4|31.9|5.7|185.4
Commercial and industrial designers|27-1021|39.2|40.9|0.0|0.0|1.7|4.4|12.1
Fashion designers|27-1022|22.3|21.7|0.0|0.0|-0.7|-3.0|5.9
Floral designers|27-1023|62.4|57.3|0.0|0.0|-5.0|-8.0|16.5
Graphic designers|27-1024|259.5|276.9|0.2|0.2|17.4|6.7|86.0
Interior designers|27-1025|54.9|61.9|0.0|0.0|7.0|12.8|21.5
Merchandise displayers and window trimmers|27-1026|98.7|108.7|0.1|0.1|10.0|10.1|36.1
Set and exhibit designers|27-1027|11.4|12.1|0.0|0.0|0.7|6.3|3.7
Designers, all other|27-1029|10.2|11.0|0.0|0.0|0.8|8.0|3.5
Entertainers and performers, sports and related workers|27-2000|766.9|830.0|0.5|0.5|63.0|8.2|283.6
Actors, producers, and directors|27-2010|183.2|189.4|0.1|0.1|6.2|3.4|66.8
Actors|27-2011|79.8|83.0|0.1|0.1|3.3|4.1|28.9
Producers and directors|27-2012|103.5|106.4|0.1|0.1|2.9|2.8|37.9
Athletes, coaches, umpires, and related workers|27-2020|276.3|314.8|0.2|0.2|38.5|13.9|120.4
Athletes and sports competitors|27-2021|14.9|15.9|0.0|0.0|1.0|6.7|5.4
Coaches and scouts|27-2022|243.9|280.1|0.2|0.2|36.2|14.8|108.5
Umpires, referees, and other sports officials|27-2023|17.5|18.8|0.0|0.0|1.3|7.7|6.5
Dancers and choreographers|27-2030|25.8|29.2|0.0|0.0|3.4|13.2|10.8
Dancers|27-2031|15.6|16.5|0.0|0.0|0.9|5.9|5.4
Choreographers|27-2032|10.2|12.7|0.0|0.0|2.5|24.3|5.4
Musicians, singers, and related workers|27-2040|245.0|257.3|0.2|0.2|12.2|5.0|78.3
Music directors and composers|27-2041|77.6|81.1|0.1|0.1|3.5|4.5|24.4
Musicians and singers|27-2042|167.4|176.2|0.1|0.1|8.7|5.2|53.9
Entertainers and performers, sports and related workers, all other|27-2099|36.6|39.2|0.0|0.0|2.7|7.3|7.2
Media and communication workers|27-3000|726.9|787.1|0.5|0.5|60.2|8.3|216.2
Announcers|27-3010|52.0|52.7|0.0|0.0|0.8|1.5|11.6
Radio and television announcers|27-3011|41.3|41.2|0.0|0.0|0.0|-0.1|8.6
Public address system and other announcers|27-3012|10.7|11.5|0.0|0.0|0.8|7.6|3.0
News analysts, reporters and correspondents|27-3020|57.6|50.4|0.0|0.0|-7.2|-12.6|19.6
Broadcast news analysts|27-3021|5.9|5.8|0.0|0.0|-0.1|-2.3|2.0
Reporters and correspondents|27-3022|51.7|44.6|0.0|0.0|-7.1|-13.8|17.6
Public relations specialists|27-3031|229.1|256.5|0.2|0.2|27.4|12.0|58.8
Writers and editors|27-3040|293.9|302.3|0.2|0.2|8.4|2.9|82.4
Editors|27-3041|115.3|112.5|0.1|0.1|-2.8|-2.4|28.0
Technical writers|27-3042|49.5|56.9|0.0|0.0|7.4|14.8|22.6
Writers and authors|27-3043|129.1|132.9|0.1|0.1|3.8|3.0|31.8
Miscellaneous media and communication workers|27-3090|94.3|125.2|0.1|0.1|30.8|32.7|43.8
Interpreters and translators|27-3091|63.6|92.9|0.0|0.1|29.3|46.1|38.1
Media and communication workers, all other|27-3099|30.7|32.3|0.0|0.0|1.5|4.9|5.7
Media and communication equipment workers|27-4000|323.4|341.0|0.2|0.2|17.6|5.4|60.0
Broadcast and sound engineering technicians and radio operators|27-4010|122.8|133.4|0.1|0.1|10.6|8.6|32.8
Audio and video equipment technicians|27-4011|67.7|76.9|0.0|0.0|9.3|13.7|21.5
Broadcast technicians|27-4012|36.7|37.9|0.0|0.0|1.2|3.2|7.8
Radio operators|27-4013|1.4|1.4|0.0|0.0|0.0|1.2|0.3
Sound engineering technicians|27-4014|17.0|17.1|0.0|0.0|0.1|0.7|3.2
Photographers|27-4021|136.3|142.2|0.1|0.1|5.9|4.3|20.3
Television, video, and motion picture camera operators and editors|27-4030|49.5|50.9|0.0|0.0|1.4|2.8|5.2
Camera operators, television, video, and motion picture|27-4031|21.4|22.6|0.0|0.0|1.2|5.5|2.8
Film and video editors|27-4032|28.1|28.3|0.0|0.0|0.2|0.6|2.3
Media and communication equipment workers, all other|27-4099|14.8|14.6|0.0|0.0|-0.2|-1.5|1.9
Healthcare practitioners and technical occupations|29-0000|8049.7|9782.6|5.5|6.1|1732.9|21.5|3378.3
Health diagnosing and treating practitioners|29-1000|5004.8|6020.1|3.4|3.7|1015.3|20.3|2042.2
Chiropractors|29-1011|44.4|50.9|0.0|0.0|6.5|14.6|15.2
Dentists|29-1020|146.8|170.2|0.1|0.1|23.3|15.9|59.1
Dentists, general|29-1021|125.8|146.4|0.1|0.1|20.6|16.3|51.2
Oral and maxillofacial surgeons|29-1022|6.7|7.8|0.0|0.0|1.1|16.1|2.7
Orthodontists|29-1023|7.5|8.7|0.0|0.0|1.2|16.3|3.0
Prosthodontists|29-1024|0.4|0.5|0.0|0.0|0.1|15.0|0.2
Dentists, all other specialists|29-1029|6.4|6.8|0.0|0.0|0.4|6.3|2.0
Dietitians and nutritionists|29-1031|67.4|81.6|0.0|0.1|14.2|21.1|22.3
Optometrists|29-1041|33.1|41.2|0.0|0.0|8.1|24.4|17.7
Pharmacists|29-1051|286.4|327.8|0.2|0.2|41.4|14.5|109.8
Physicians and surgeons|29-1060|691.4|814.7|0.5|0.5|123.3|17.8|296.4
Anesthesiologists|29-1061|33.9|42.1|0.0|0.0|8.3|24.4|16.7
Family and general practitioners|29-1062|124.0|142.1|0.1|0.1|18.1|14.6|49.2
Internists, general|29-1063|51.3|58.6|0.0|0.0|7.3|14.1|20.1
Obstetricians and gynecologists|29-1064|23.6|27.0|0.0|0.0|3.4|14.4|9.3
Pediatricians, general|29-1065|34.7|40.1|0.0|0.0|5.4|15.7|14.1
Psychiatrists|29-1066|27.2|31.6|0.0|0.0|4.4|16.2|11.2
Surgeons|29-1067|47.9|59.0|0.0|0.0|11.1|23.2|23.1
Physicians and surgeons, all other|29-1069|348.9|414.2|0.2|0.3|65.3|18.7|152.6
Physician assistants|29-1071|86.7|120.0|0.1|0.1|33.3|38.4|48.9
Podiatrists|29-1081|10.7|13.1|0.0|0.0|2.4|22.5|4.6
Therapists|29-1120|644.5|816.4|0.4|0.5|171.8|26.7|287.2
Occupational therapists|29-1122|113.2|146.1|0.1|0.1|32.8|29.0|48.2
Physical therapists|29-1123|204.2|277.7|0.1|0.2|73.5|36.0|123.7
Radiation therapists|29-1124|19.1|23.6|0.0|0.0|4.5|23.5|8.4
Recreational therapists|29-1125|19.8|22.5|0.0|0.0|2.7|13.4|6.7
Respiratory therapists|29-1126|119.3|142.1|0.1|0.1|22.7|19.1|40.1
Speech-language pathologists|29-1127|134.1|160.1|0.1|0.1|26.0|19.4|46.2
Exercise physiologists|29-1128|6.0|6.5|0.0|0.0|0.6|9.2|1.3
Therapists, all other|29-1129|28.8|37.9|0.0|0.0|9.1|31.7|12.5
Veterinarians|29-1131|70.3|78.7|0.0|0.0|8.4|12.0|31.0
Registered nurses|29-1141|2711.5|3238.4|1.9|2.0|526.8|19.4|1052.6
Nurse anesthetists|29-1151|35.2|43.9|0.0|0.0|8.8|24.9|15.6
Nurse midwives|29-1161|6.0|7.7|0.0|0.0|1.7|28.6|2.9
Nurse practitioners|29-1171|110.2|147.3|0.1|0.1|37.1|33.7|58.5
Audiologists|29-1181|13.0|17.3|0.0|0.0|4.3|33.6|7.0
Health diagnosing and treating practitioners, all other|29-1199|47.2|50.9|0.0|0.0|3.7|7.9|13.5
Health technologists and technicians|29-2000|2892.7|3590.2|2.0|2.2|697.5|24.1|1274.6
Clinical laboratory technologists and technicians|29-2010|325.8|396.5|0.2|0.2|70.6|21.7|156.0
Medical and clinical laboratory technologists|29-2011|164.3|187.1|0.1|0.1|22.7|13.8|65.8
Medical and clinical laboratory technicians|29-2012|161.5|209.4|0.1|0.1|47.9|29.7|90.2
Dental hygienists|29-2021|192.8|256.9|0.1|0.2|64.2|33.3|113.5
Diagnostic related technologists and technicians|29-2030|360.6|456.2|0.2|0.3|95.6|26.5|146.4
Cardiovascular technologists and technicians|29-2031|51.6|67.3|0.0|0.0|15.7|30.4|23.0
Diagnostic medical sonographers|29-2032|58.8|85.9|0.0|0.1|27.0|46.0|35.3
Nuclear medicine technologists|29-2033|20.9|25.1|0.0|0.0|4.2|20.2|7.2
Radiologic technologists|29-2034|199.2|240.8|0.1|0.1|41.5|20.8|69.6
Magnetic resonance imaging technologists|29-2035|30.1|37.2|0.0|0.0|7.1|23.6|11.3
Emergency medical technicians and paramedics|29-2041|239.1|294.4|0.2|0.2|55.3|23.1|120.6
Health practitioner support technologists and technicians|29-2050|677.8|821.3|0.5|0.5|143.5|21.2|210.5
Dietetic technicians|29-2051|25.1|29.6|0.0|0.0|4.5|18.0|7.0
Pharmacy technicians|29-2052|355.3|426.1|0.2|0.3|70.7|19.9|105.9
Psychiatric technicians|29-2053|71.0|73.8|0.0|0.0|2.8|3.9|9.8
Respiratory therapy technicians|29-2054|13.6|15.9|0.0|0.0|2.3|16.9|3.6
Surgical technologists|29-2055|98.5|127.8|0.1|0.1|29.3|29.8|39.1
Veterinary technologists and technicians|29-2056|84.8|109.8|0.1|0.1|25.0|29.5|33.4
Ophthalmic medical technicians|29-2057|29.6|38.4|0.0|0.0|8.8|29.8|11.7
Licensed practical and licensed vocational nurses|29-2061|738.4|921.3|0.5|0.6|182.9|24.8|363.1
Medical records and health information technicians|29-2071|186.3|227.5|0.1|0.1|41.1|22.1|90.4
Opticians, dispensing|29-2081|67.6|83.5|0.0|0.1|15.8|23.4|35.3
Miscellaneous health technologists and technicians|29-2090|104.2|132.7|0.1|0.1|28.5|27.4|38.8
Orthotists and prosthetists|29-2091|8.5|11.5|0.0|0.0|3.0|35.5|3.8
Hearing aid specialists|29-2092|5.3|6.6|0.0|0.0|1.3|25.2|1.9
Health technologists and technicians, all other|29-2099|90.4|114.6|0.1|0.1|24.2|26.7|33.1
Other healthcare practitioners and technical occupations|29-9000|152.2|172.2|0.1|0.1|20.1|13.2|61.5
Occupational health and safety specialists and technicians|29-9010|75.5|81.1|0.1|0.1|5.6|7.4|26.1
Occupational health and safety specialists|29-9011|62.9|67.1|0.0|0.0|4.2|6.6|21.3
Occupational health and safety technicians|29-9012|12.6|13.9|0.0|0.0|1.4|10.9|4.8
Miscellaneous health practitioners and technical workers|29-9090|76.6|91.2|0.1|0.1|14.5|19.0|35.4
Athletic trainers|29-9091|22.9|27.8|0.0|0.0|4.9|21.2|11.1
Genetic counselors|29-9092|2.1|3.0|0.0|0.0|0.9|41.2|1.5
Healthcare practitioners and technical workers, all other|29-9099|51.6|60.4|0.0|0.0|8.8|17.1|22.8
Healthcare support occupations|31-0000|4110.2|5266.0|2.8|3.3|1155.8|28.1|1938.3
Nursing, psychiatric, and home health aides|31-1000|2491.5|3241.8|1.7|2.0|750.3|30.1|1224.2
Home health aides|31-1011|875.1|1299.3|0.6|0.8|424.2|48.5|590.7
Psychiatric aides|31-1013|82.0|86.8|0.1|0.1|4.9|6.0|20.5
Nursing assistants|31-1014|1479.8|1792.0|1.0|1.1|312.2|21.1|593.6
Orderlies|31-1015|54.6|63.6|0.0|0.0|9.1|16.6|19.4
Occupational therapy and physical therapist assistants and aides|31-2000|160.0|225.3|0.1|0.1|65.3|40.8|101.9
Occupational therapy assistants and aides|31-2010|38.6|54.6|0.0|0.0|15.9|41.2|25.6
Occupational therapy assistants|31-2011|30.3|43.2|0.0|0.0|12.9|42.6|20.5
Occupational therapy aides|31-2012|8.4|11.4|0.0|0.0|3.0|36.2|5.1
Physical therapist assistants and aides|31-2020|121.4|170.8|0.1|0.1|49.4|40.7|76.3
Physical therapist assistants|31-2021|71.4|100.7|0.0|0.1|29.3|41.0|45.1
Physical therapist aides|31-2022|50.0|70.1|0.0|0.0|20.1|40.1|31.2
Other healthcare support occupations|31-9000|1458.7|1798.8|1.0|1.1|340.2|23.3|612.2
Massage therapists|31-9011|132.8|162.8|0.1|0.1|30.0|22.6|44.1
Miscellaneous healthcare support occupations|31-9090|1325.9|1636.0|0.9|1.0|310.2|23.4|568.2
Dental assistants|31-9091|303.2|377.6|0.2|0.2|74.4|24.5|137.2
Medical assistants|31-9092|560.8|723.7|0.4|0.4|162.9|29.0|269.9
Medical equipment preparers|31-9093|51.6|62.0|0.0|0.0|10.4|20.3|20.3
Medical transcriptionists|31-9094|84.1|90.5|0.1|0.1|6.4|7.6|22.4
Pharmacy aides|31-9095|42.9|47.6|0.0|0.0|4.8|11.1|12.9
Veterinary assistants and laboratory animal caretakers|31-9096|74.6|81.7|0.1|0.1|7.1|9.5|21.3
Phlebotomists|31-9097|101.3|128.4|0.1|0.1|27.1|26.7|46.4
Healthcare support workers, all other|31-9099|107.4|124.6|0.1|0.1|17.2|16.0|37.7
Protective service occupations|33-0000|3325.3|3588.3|2.3|2.2|263.0|7.9|1146.8
Supervisors of protective service workers|33-1000|281.9|298.3|0.2|0.2|16.4|5.8|105.4
First-line supervisors of law enforcement workers|33-1010|150.4|157.3|0.1|0.1|6.9|4.6|53.7
First-line supervisors of correctional officers|33-1011|46.7|48.6|0.0|0.0|1.9|4.0|18.0
First-line supervisors of police and detectives|33-1012|103.7|108.7|0.1|0.1|5.0|4.9|35.7
First-line supervisors of fire fighting and prevention workers|33-1021|62.3|66.3|0.0|0.0|3.9|6.3|30.5
First-line supervisors of protective service workers, all other|33-1099|69.1|74.7|0.0|0.0|5.5|8.0|21.2
Fire fighting and prevention workers|33-2000|321.1|342.2|0.2|0.2|21.1|6.6|109.0
Firefighters|33-2011|307.0|327.3|0.2|0.2|20.3|6.6|104.0
Fire inspectors|33-2020|14.1|14.9|0.0|0.0|0.8|5.7|5.0
Fire inspectors and investigators|33-2021|12.2|13.0|0.0|0.0|0.8|6.2|4.4
Forest fire inspectors and prevention specialists|33-2022|1.9|1.9|0.0|0.0|0.1|2.8|0.6
Law enforcement workers|33-3000|1259.2|1323.6|0.9|0.8|64.4|5.1|425.5
Bailiffs, correctional officers, and jailers|33-3010|469.5|492.6|0.3|0.3|23.0|4.9|147.8
Bailiffs|33-3011|16.8|17.7|0.0|0.0|0.9|5.3|5.4
Correctional officers and jailers|33-3012|452.8|474.9|0.3|0.3|22.1|4.9|142.4
Detectives and criminal investigators|33-3021|115.2|117.5|0.1|0.1|2.3|2.0|27.7
Fish and game wardens|33-3031|6.6|6.7|0.0|0.0|0.1|1.2|2.0
Parking enforcement workers|33-3041|9.7|9.7|0.0|0.0|0.0|-0.2|2.8
Police officers|33-3050|658.1|697.1|0.5|0.4|39.0|5.9|245.3
Police and sheriff's patrol officers|33-3051|653.8|692.7|0.4|0.4|38.8|5.9|243.9
Transit and railroad police|33-3052|4.3|4.4|0.0|0.0|0.1|3.4|1.4
Other protective service workers|33-9000|1463.0|1624.2|1.0|1.0|161.2|11.0|507.0
Animal control workers|33-9011|14.6|15.7|0.0|0.0|1.1|7.7|4.5
Private detectives and investigators|33-9021|30.0|33.3|0.0|0.0|3.3|11.2|11.8
Security guards and gaming surveillance officers|33-9030|1083.6|1213.8|0.7|0.8|130.2|12.0|296.3
Gaming surveillance officers and gaming investigators|33-9031|9.3|10.0|0.0|0.0|0.6|7.0|2.1
Security guards|33-9032|1074.3|1203.9|0.7|0.7|129.6|12.1|294.2
Miscellaneous protective service workers|33-9090|334.9|361.4|0.2|0.2|26.5|7.9|194.5
Crossing guards|33-9091|71.4|74.5|0.0|0.0|3.1|4.3|13.9
Lifeguards, ski patrol, and other recreational protective service workers|33-9092|130.1|143.4|0.1|0.1|13.3|10.2|102.3
Transportation security screeners|33-9093|50.8|53.8|0.0|0.0|3.0|5.9|14.7
Protective service workers, all other|33-9099|82.5|89.6|0.1|0.1|7.1|8.6|63.6
Food preparation and serving related occupations|35-0000|11780.1|12882.0|8.1|8.0|1101.8|9.4|5514.5
Supervisors of food preparation and serving workers|35-1000|963.9|1079.3|0.7|0.7|115.4|12.0|373.5
Chefs and head cooks|35-1011|115.4|121.5|0.1|0.1|6.0|5.2|24.7
First-line supervisors of food preparation and serving workers|35-1012|848.5|957.8|0.6|0.6|109.4|12.9|348.7
Cooks and food preparation workers|35-2000|2956.3|3190.4|2.0|2.0|234.2|7.9|892.0
Cooks|35-2010|2148.5|2353.7|1.5|1.5|205.3|9.6|631.6
Cooks, fast food|35-2011|516.9|514.4|0.4|0.3|-2.5|-0.5|101.9
Cooks, institution and cafeteria|35-2012|408.9|462.8|0.3|0.3|54.0|13.2|134.6
Cooks, private household|35-2013|7.0|6.9|0.0|0.0|-0.1|-0.8|1.4
Cooks, restaurant|35-2014|1024.1|1174.2|0.7|0.7|150.1|14.7|352.1
Cooks, short order|35-2015|166.1|166.6|0.1|0.1|0.5|0.3|33.3
Cooks, all other|35-2019|25.5|28.7|0.0|0.0|3.2|12.7|8.3
Food preparation workers|35-2021|807.8|836.7|0.6|0.5|28.9|3.6|260.5
Food and beverage serving workers|35-3000|6563.1|7228.7|4.5|4.5|665.6|10.1|3480.3
Bartenders|35-3011|551.1|616.7|0.4|0.4|65.6|11.9|269.4
Fast food and counter workers|35-3020|3408.5|3828.1|2.3|2.4|419.7|12.3|1823.5
Combined food preparation and serving workers, including fast food|35-3021|2969.3|3391.2|2.0|2.1|421.9|14.2|1555.7
Counter attendants, cafeteria, food concession, and coffee shop|35-3022|439.2|436.9|0.3|0.3|-2.3|-0.5|267.8
Waiters and waitresses|35-3031|2362.2|2494.0|1.6|1.5|131.8|5.6|1268.3
Food servers, nonrestaurant|35-3041|241.3|289.9|0.2|0.2|48.6|20.1|119.1
Other food preparation and serving related workers|35-9000|1296.9|1383.5|0.9|0.9|86.7|6.7|768.8
Dining room and cafeteria attendants and bartender helpers|35-9011|403.2|435.4|0.3|0.3|32.1|8.0|208.9
Dishwashers|35-9021|508.5|540.2|0.3|0.3|31.7|6.2|255.5
Hosts and hostesses, restaurant, lounge, and coffee shop|35-9031|347.3|366.4|0.2|0.2|19.1|5.5|280.4
Food preparation and serving related workers, all other|35-9099|37.8|41.5|0.0|0.0|3.7|9.8|24.0
Building and grounds cleaning and maintenance occupations|37-0000|5522.3|6213.3|3.8|3.9|691.0|12.5|1825.5
Supervisors of building and grounds cleaning and maintenance workers|37-1000|456.8|515.2|0.3|0.3|58.3|12.8|141.5
First-line supervisors of housekeeping and janitorial workers|37-1011|249.5|281.6|0.2|0.2|32.0|12.8|91.6
First-line supervisors of landscaping, lawn service, and groundskeeping workers|37-1012|207.3|233.6|0.1|0.1|26.3|12.7|49.9
Building cleaning and pest control workers|37-2000|3838.4|4316.8|2.6|2.7|478.4|12.5|1220.5
Building cleaning workers|37-2010|3773.1|4238.6|2.6|2.6|465.6|12.3|1189.9
Janitors and cleaners, except maids and housekeeping cleaners|37-2011|2324.0|2604.0|1.6|1.6|280.0|12.1|717.3
Maids and housekeeping cleaners|37-2012|1434.6|1618.0|1.0|1.0|183.4|12.8|467.7
Building cleaning workers, all other|37-2019|14.4|16.6|0.0|0.0|2.2|15.0|4.9
Pest control workers|37-2021|65.4|78.2|0.0|0.0|12.8|19.7|30.6
Grounds maintenance workers|37-3000|1227.1|1381.3|0.8|0.9|154.2|12.6|463.6
Landscaping and groundskeeping workers|37-3011|1124.9|1264.0|0.8|0.8|139.2|12.4|422.7
Pesticide handlers, sprayers, and applicators, vegetation|37-3012|29.6|33.0|0.0|0.0|3.3|11.2|10.8
Tree trimmers and pruners|37-3013|53.2|63.0|0.0|0.0|9.8|18.5|23.2
Grounds maintenance workers, all other|37-3019|19.3|21.3|0.0|0.0|1.9|10.0|6.8
Personal care and service occupations|39-0000|5375.6|6498.5|3.7|4.0|1122.9|20.9|2289.4
Supervisors of personal care and service workers|39-1000|300.7|332.5|0.2|0.2|31.7|10.6|88.0
First-line supervisors of gaming workers|39-1010|49.2|53.0|0.0|0.0|3.8|7.6|13.8
Gaming supervisors|39-1011|38.5|41.6|0.0|0.0|3.1|8.2|11.0
Slot supervisors|39-1012|10.7|11.4|0.0|0.0|0.6|5.8|2.8
First-line supervisors of personal service workers|39-1021|251.5|279.5|0.2|0.2|28.0|11.1|74.3
Animal care and service workers|39-2000|232.1|267.5|0.2|0.2|35.4|15.2|76.6
Animal trainers|39-2011|41.6|47.7|0.0|0.0|6.1|14.8|24.5
Nonfarm animal caretakers|39-2021|190.6|219.8|0.1|0.1|29.2|15.3|52.1
Entertainment attendants and related workers|39-3000|548.8|596.1|0.4|0.4|47.3|8.6|284.4
Gaming services workers|39-3010|128.2|141.9|0.1|0.1|13.8|10.8|35.9
Gaming dealers|39-3011|100.3|111.7|0.1|0.1|11.4|11.4|28.7
Gaming and sports book writers and runners|39-3012|14.7|15.8|0.0|0.0|1.1|7.8|3.7
Gaming service workers, all other|39-3019|13.2|14.4|0.0|0.0|1.2|9.4|3.5
Motion picture projectionists|39-3021|8.0|5.8|0.0|0.0|-2.1|-26.5|3.1
Ushers, lobby attendants, and ticket takers|39-3031|108.8|110.6|0.1|0.1|1.9|1.7|59.3
Miscellaneous entertainment attendants and related workers|39-3090|303.9|337.7|0.2|0.2|33.8|11.1|186.1
Amusement and recreation attendants|39-3091|267.1|297.5|0.2|0.2|30.3|11.3|164.2
Costume attendants|39-3092|5.6|6.0|0.0|0.0|0.4|6.6|3.2
Locker room, coatroom, and dressing room attendants|39-3093|19.6|21.6|0.0|0.0|2.0|10.4|11.9
Entertainment attendants and related workers, all other|39-3099|11.5|12.6|0.0|0.0|1.1|9.2|6.8
Funeral service workers|39-4000|61.0|63.5|0.0|0.0|2.5|4.2|16.3
Embalmers|39-4011|5.1|4.4|0.0|0.0|-0.8|-15.0|1.1
Funeral attendants|39-4021|32.4|32.9|0.0|0.0|0.5|1.4|7.4
Morticians, undertakers, and funeral directors|39-4031|23.5|26.3|0.0|0.0|2.8|12.1|7.9
Personal appearance workers|39-5000|816.1|930.5|0.6|0.6|114.3|14.0|283.9
Barbers, hairdressers, hairstylists and cosmetologists|39-5010|663.3|746.6|0.5|0.5|83.3|12.6|240.0
Barbers|39-5011|52.1|57.9|0.0|0.0|5.8|11.1|19.3
Hairdressers, hairstylists, and cosmetologists|39-5012|611.2|688.7|0.4|0.4|77.6|12.7|220.6
Miscellaneous personal appearance workers|39-5090|152.9|183.9|0.1|0.1|31.0|20.3|43.9
Makeup artists, theatrical and performance|39-5091|2.7|2.8|0.0|0.0|0.1|3.1|0.3
Manicurists and pedicurists|39-5092|86.9|100.4|0.1|0.1|13.5|15.6|20.7
Shampooers|39-5093|18.9|18.6|0.0|0.0|-0.3|-1.5|1.6
Skincare specialists|39-5094|44.4|62.0|0.0|0.0|17.7|39.8|21.3
Baggage porters, bellhops, and concierges|39-6000|67.3|78.4|0.0|0.0|11.1|16.5|27.8
Baggage porters and bellhops|39-6011|41.0|46.0|0.0|0.0|5.0|12.1|15.1
Concierges|39-6012|26.3|32.4|0.0|0.0|6.1|23.4|12.7
Tour and travel guides|39-7000|47.1|50.8|0.0|0.0|3.6|7.7|26.3
Tour guides and escorts|39-7011|41.4|44.8|0.0|0.0|3.4|8.3|23.4
Travel guides|39-7012|5.7|5.9|0.0|0.0|0.2|3.6|3.0
Other personal care and service workers|39-9000|3302.5|4179.3|2.3|2.6|876.8|26.5|1485.9
Childcare workers|39-9011|1312.7|1496.8|0.9|0.9|184.1|14.0|570.0
Personal care aides|39-9021|1190.6|1771.4|0.8|1.1|580.8|48.8|666.0
Recreation and fitness workers|39-9030|612.4|694.9|0.4|0.4|82.5|13.5|154.7
Fitness trainers and aerobics instructors|39-9031|267.0|300.5|0.2|0.2|33.5|12.5|65.0
Recreation workers|39-9032|345.4|394.4|0.2|0.2|49.0|14.2|89.7
Residential advisors|39-9041|89.7|108.2|0.1|0.1|18.5|20.7|57.3
Personal care and service workers, all other|39-9099|97.1|108.0|0.1|0.1|10.8|11.1|37.9
Sales and related occupations|41-0000|15105.0|16200.5|10.4|10.1|1095.5|7.3|5626.9
Supervisors of sales workers|41-1000|1997.7|2065.4|1.4|1.3|67.7|3.4|470.1
First-line supervisors of retail sales workers|41-1011|1603.3|1674.2|1.1|1.0|70.9|4.4|419.8
First-line supervisors of non-retail sales workers|41-1012|394.4|391.2|0.3|0.2|-3.2|-0.8|50.3
Retail sales workers|41-2000|8467.3|9050.6|5.8|5.6|583.3|6.9|3725.4
Cashiers|41-2010|3361.1|3447.7|2.3|2.1|86.5|2.6|1539.6
Cashiers|41-2011|3338.9|3425.4|2.3|2.1|86.5|2.6|1530.0
Gaming change persons and booth cashiers|41-2012|22.3|22.3|0.0|0.0|0.0|0.1|9.7
Counter and rental clerks and parts salespersons|41-2020|659.1|721.2|0.5|0.4|62.1|9.4|230.1
Counter and rental clerks|41-2021|437.8|484.4|0.3|0.3|46.6|10.6|158.5
Parts salespersons|41-2022|221.3|236.8|0.2|0.1|15.5|7.0|71.6
Retail salespersons|41-2031|4447.0|4881.7|3.1|3.0|434.7|9.8|1955.7
Sales representatives, services|41-3000|1727.7|1913.8|1.2|1.2|186.0|10.8|633.4
Advertising sales agents|41-3011|154.6|153.6|0.1|0.1|-1.0|-0.7|47.5
Insurance sales agents|41-3021|443.4|489.3|0.3|0.3|45.9|10.4|150.2
Securities, commodities, and financial services sales agents|41-3031|354.6|394.3|0.2|0.2|39.7|11.2|122.6
Travel agents|41-3041|73.3|64.4|0.1|0.0|-8.9|-12.1|11.1
Sales representatives, services, all other|41-3099|701.9|812.2|0.5|0.5|110.3|15.7|302.0
Sales representatives, wholesale and manufacturing|41-4000|1863.0|2032.3|1.3|1.3|169.3|9.1|532.4
Sales representatives, wholesale and manufacturing, technical and scientific products|41-4011|382.3|419.5|0.3|0.3|37.2|9.7|111.8
Sales representatives, wholesale and manufacturing, except technical and scientific products|41-4012|1480.7|1612.8|1.0|1.0|132.0|8.9|420.7
Other sales and related workers|41-9000|1049.3|1138.4|0.7|0.7|89.2|8.5|265.6
Models, demonstrators, and product promoters|41-9010|82.9|96.2|0.1|0.1|13.3|16.1|36.7
Demonstrators and product promoters|41-9011|78.1|90.7|0.1|0.1|12.6|16.1|34.6
Models|41-9012|4.8|5.5|0.0|0.0|0.7|15.3|2.1
Real estate brokers and sales agents|41-9020|422.0|468.6|0.3|0.3|46.6|11.0|86.3
Real estate brokers|41-9021|79.6|88.3|0.1|0.1|8.6|10.8|16.1
Real estate sales agents|41-9022|342.4|380.3|0.2|0.2|38.0|11.1|70.2
Sales engineers|41-9031|66.0|71.8|0.0|0.0|5.9|8.9|17.4
Telemarketers|41-9041|250.1|269.3|0.2|0.2|19.2|7.7|70.9
Miscellaneous sales and related workers|41-9090|228.4|232.5|0.2|0.1|4.2|1.8|54.3
Door-to-door sales workers, news and street vendors, and related workers|41-9091|92.7|78.5|0.1|0.0|-14.2|-15.3|9.3
Sales and related workers, all other|41-9099|135.7|154.1|0.1|0.1|18.4|13.5|45.0
Office and administrative support occupations|43-0000|22470.1|24004.1|15.5|14.9|1534.0|6.8|6765.1
Supervisors of office and administrative support workers|43-1000|1418.1|1589.6|1.0|1.0|171.5|12.1|508.0
First-line supervisors of office and administrative support workers|43-1011|1418.1|1589.6|1.0|1.0|171.5|12.1|508.0
Communications equipment operators|43-2000|145.1|126.4|0.1|0.1|-18.7|-12.9|27.9
Switchboard operators, including answering service|43-2011|131.0|113.7|0.1|0.1|-17.3|-13.2|24.1
Telephone operators|43-2021|11.1|9.6|0.0|0.0|-1.4|-13.1|2.9
Communications equipment operators, all other|43-2099|3.0|3.2|0.0|0.0|0.1|4.6|0.9
Financial clerks|43-3000|3567.2|3958.6|2.5|2.5|391.4|11.0|1097.9
Bill and account collectors|43-3011|397.4|455.6|0.3|0.3|58.2|14.7|170.0
Billing and posting clerks|43-3021|513.8|607.0|0.4|0.4|93.2|18.1|187.8
Bookkeeping, accounting, and auditing clerks|43-3031|1799.8|2004.5|1.2|1.2|204.6|11.4|370.0
Gaming cage workers|43-3041|18.4|19.8|0.0|0.0|1.3|7.3|4.9
Payroll and timekeeping clerks|43-3051|179.5|202.0|0.1|0.1|22.5|12.5|61.9
Procurement clerks|43-3061|72.2|73.6|0.0|0.0|1.4|2.0|27.6
Tellers|43-3071|545.3|551.0|0.4|0.3|5.6|1.0|259.8
Financial clerks, all other|43-3099|40.7|45.2|0.0|0.0|4.4|10.9|15.9
Information and record clerks|43-4000|5412.6|5911.3|3.7|3.7|498.7|9.2|1951.9
Brokerage clerks|43-4011|61.9|64.3|0.0|0.0|2.4|3.8|18.4
Correspondence clerks|43-4021|11.1|11.5|0.0|0.0|0.5|4.2|3.3
Court, municipal, and license clerks|43-4031|130.0|143.8|0.1|0.1|13.8|10.6|33.8
Credit authorizers, checkers, and clerks|43-4041|52.2|50.5|0.0|0.0|-1.7|-3.2|6.1
Customer service representatives|43-4051|2362.8|2661.4|1.6|1.7|298.7|12.6|941.6
Eligibility interviewers, government programs|43-4061|138.1|152.0|0.1|0.1|13.9|10.1|41.6
File clerks|43-4071|164.2|158.8|0.1|0.1|-5.3|-3.3|37.5
Hotel, motel, and resort desk clerks|43-4081|231.6|263.4|0.2|0.2|31.8|13.7|141.5
Interviewers, except eligibility and loan|43-4111|204.5|225.8|0.1|0.1|21.3|10.4|59.9
Library assistants, clerical|43-4121|110.4|126.6|0.1|0.1|16.3|14.7|64.4
Loan interviewers and clerks|43-4131|195.9|213.0|0.1|0.1|17.1|8.7|30.1
New accounts clerks|43-4141|55.7|53.0|0.0|0.0|-2.7|-4.9|14.4
Order clerks|43-4151|212.7|207.4|0.1|0.1|-5.3|-2.5|56.0
Human resources assistants, except payroll and timekeeping|43-4161|146.9|145.3|0.1|0.1|-1.6|-1.1|37.1
Receptionists and information clerks|43-4171|1006.7|1142.6|0.7|0.7|135.9|13.5|406.9
Reservation and transportation ticket agents and travel clerks|43-4181|139.1|119.6|0.1|0.1|-19.5|-14.0|18.5
Information and record clerks, all other|43-4199|188.9|172.2|0.1|0.1|-16.7|-8.8|40.8
Material recording, scheduling, dispatching, and distributing workers|43-5000|3858.5|3759.7|2.7|2.3|-98.8|-2.6|1130.4
Cargo and freight agents|43-5011|79.5|91.0|0.1|0.1|11.5|14.5|33.0
Couriers and messengers|43-5021|98.2|87.4|0.1|0.1|-10.9|-11.1|12.6
Dispatchers|43-5030|289.4|318.4|0.2|0.2|29.0|10.0|112.5
Police, fire, and ambulance dispatchers|43-5031|98.5|106.2|0.1|0.1|7.6|7.7|36.0
Dispatchers, except police, fire, and ambulance|43-5032|190.9|212.3|0.1|0.1|21.4|11.2|76.4
Meter readers, utilities|43-5041|40.2|32.5|0.0|0.0|-7.7|-19.2|10.1
Postal service workers|43-5050|491.6|352.6|0.3|0.2|-139.1|-28.3|122.3
Postal service clerks|43-5051|66.9|45.7|0.0|0.0|-21.3|-31.8|10.2
Postal service mail carriers|43-5052|295.1|215.8|0.2|0.1|-79.2|-26.8|102.7
Postal service mail sorters, processors, and processing machine operators|43-5053|129.6|91.0|0.1|0.1|-38.6|-29.8|9.4
Production, planning, and expediting clerks|43-5061|284.7|294.8|0.2|0.2|10.1|3.6|81.1
Shipping, receiving, and traffic clerks|43-5071|695.5|702.3|0.5|0.4|6.8|1.0|189.6
Stock clerks and order fillers|43-5081|1807.2|1801.2|1.2|1.1|-6.0|-0.3|546.0
Weighers, measurers, checkers, and samplers, recordkeeping|43-5111|72.2|79.6|0.0|0.0|7.3|10.2|23.3
Secretaries and administrative assistants|43-6000|3947.1|4426.6|2.7|2.7|479.5|12.1|972.1
Executive secretaries and executive administrative assistants|43-6011|873.9|863.4|0.6|0.5|-10.5|-1.2|105.2
Legal secretaries|43-6012|223.1|216.1|0.2|0.1|-7.0|-3.1|26.8
Medical secretaries|43-6013|525.6|714.9|0.4|0.4|189.2|36.0|252.5
Secretaries and administrative assistants, except legal, medical, and executive|43-6014|2324.4|2632.3|1.6|1.6|307.8|13.2|587.6
Other office and administrative support workers|43-9000|4121.5|4231.9|2.8|2.6|110.3|2.7|1077.0
Computer operators|43-9011|74.6|62.0|0.1|0.0|-12.7|-17.0|7.2
Data entry and information processing workers|43-9020|324.6|244.2|0.2|0.2|-80.4|-24.8|30.0
Data entry keyers|43-9021|220.3|166.1|0.2|0.1|-54.2|-24.6|26.3
Word processors and typists|43-9022|104.4|78.2|0.1|0.0|-26.2|-25.1|3.7
Desktop publishers|43-9031|16.4|15.5|0.0|0.0|-0.9|-5.5|3.0
Insurance claims and policy processing clerks|43-9041|254.4|275.0|0.2|0.2|20.6|8.1|88.1
Mail clerks and mail machine operators, except postal service|43-9051|108.5|98.9|0.1|0.1|-9.6|-8.8|24.9
Office clerks, general|43-9061|2983.5|3167.6|2.1|2.0|184.1|6.2|810.9
Office machine operators, except computer|43-9071|68.8|61.8|0.0|0.0|-7.0|-10.2|16.4
Proofreaders and copy markers|43-9081|13.2|13.0|0.0|0.0|-0.2|-1.4|2.4
Statistical assistants|43-9111|17.2|18.8|0.0|0.0|1.6|9.2|6.3
Office and administrative support workers, all other|43-9199|260.3|275.0|0.2|0.2|14.8|5.7|87.8
Farming, fishing, and forestry occupations|45-0000|947.2|915.0|0.7|0.6|-32.2|-3.4|271.0
Supervisors of farming, fishing, and forestry workers|45-1000|45.9|44.8|0.0|0.0|-1.1|-2.5|9.7
First-line supervisors of farming, fishing, and forestry workers|45-1011|45.9|44.8|0.0|0.0|-1.1|-2.5|9.7
Agricultural workers|45-2000|815.5|789.3|0.6|0.5|-26.2|-3.2|245.5
Agricultural inspectors|45-2011|17.0|16.8|0.0|0.0|-0.2|-1.0|5.0
Animal breeders|45-2021|1.3|1.0|0.0|0.0|-0.3|-23.4|0.4
Graders and sorters, agricultural products|45-2041|49.2|48.2|0.0|0.0|-1.0|-2.0|8.7
Miscellaneous agricultural workers|45-2090|748.1|723.4|0.5|0.4|-24.7|-3.3|231.4
Agricultural equipment operators|45-2091|59.0|61.2|0.0|0.0|2.3|3.9|20.2
Farmworkers and laborers, crop, nursery, and greenhouse|45-2092|596.8|567.6|0.4|0.4|-29.2|-4.9|181.1
Farmworkers, farm, ranch, and aquacultural animals|45-2093|77.9|79.6|0.1|0.0|1.7|2.2|25.3
Agricultural workers, all other|45-2099|14.4|14.9|0.0|0.0|0.5|3.4|4.9
Fishing and hunting workers|45-3000|31.3|29.8|0.0|0.0|-1.5|-4.9|6.4
Fishers and related fishing workers|45-3011|31.3|29.7|0.0|0.0|-1.6|-5.0|6.3
Forest, conservation, and logging workers|45-4000|54.4|51.1|0.0|0.0|-3.4|-6.2|9.6
Forest and conservation workers|45-4011|10.5|11.0|0.0|0.0|0.5|4.5|2.3
Logging workers|45-4020|43.9|40.1|0.0|0.0|-3.8|-8.7|7.3
Fallers|45-4021|6.6|3.8|0.0|0.0|-2.9|-43.3|1.0
Logging equipment operators|45-4022|30.0|30.6|0.0|0.0|0.6|2.0|5.2
Log graders and scalers|45-4023|3.5|2.4|0.0|0.0|-1.1|-31.6|0.5
Logging workers, all other|45-4029|3.7|3.3|0.0|0.0|-0.5|-12.1|0.6
Construction and extraction occupations|47-0000|6092.2|7394.1|4.2|4.6|1301.9|21.4|2353.0
Supervisors of construction and extraction workers|47-1000|545.5|673.8|0.4|0.4|128.3|23.5|187.1
First-line supervisors of construction trades and extraction workers|47-1011|545.5|673.8|0.4|0.4|128.3|23.5|187.1
Construction trades workers|47-2000|4653.4|5666.5|3.2|3.5|1013.1|21.8|1810.4
Boilermakers|47-2011|18.0|18.7|0.0|0.0|0.7|3.7|8.8
Brickmasons, blockmasons, and stonemasons|47-2020|85.1|114.4|0.1|0.1|29.3|34.5|38.4
Brickmasons and blockmasons|47-2021|71.0|96.2|0.0|0.1|25.2|35.5|32.8
Stonemasons|47-2022|14.1|18.2|0.0|0.0|4.1|29.2|5.6
Carpenters|47-2031|901.2|1119.4|0.6|0.7|218.2|24.2|329.2
Carpet, floor, and tile installers and finishers|47-2040|96.4|108.3|0.1|0.1|11.8|12.3|29.1
Carpet installers|47-2041|36.7|39.9|0.0|0.0|3.2|8.7|9.8
Floor layers, except carpet, wood, and hard tiles|47-2042|14.5|16.3|0.0|0.0|1.9|13.0|4.5
Floor sanders and finishers|47-2043|6.0|6.9|0.0|0.0|0.9|14.8|2.0
Tile and marble setters|47-2044|39.2|45.1|0.0|0.0|5.9|15.0|12.9
Cement masons, concrete finishers, and terrazzo workers|47-2050|144.3|186.1|0.1|0.1|41.7|28.9|58.3
Cement masons and concrete finishers|47-2051|140.8|181.8|0.1|0.1|41.0|29.1|57.2
Terrazzo workers and finishers|47-2053|3.5|4.2|0.0|0.0|0.7|19.8|1.1
Construction laborers|47-2061|1071.1|1331.0|0.7|0.8|259.8|24.3|489.1
Construction equipment operators|47-2070|409.7|487.9|0.3|0.3|78.2|19.1|164.8
Paving, surfacing, and tamping equipment operators|47-2071|54.7|65.5|0.0|0.0|10.8|19.7|18.7
Pile-driver operators|47-2072|3.8|4.8|0.0|0.0|1.0|27.5|1.7
Operating engineers and other construction equipment operators|47-2073|351.2|417.6|0.2|0.3|66.4|18.9|144.4
Drywall installers, ceiling tile installers, and tapers|47-2080|114.1|132.0|0.1|0.1|17.9|15.7|28.7
Drywall and ceiling tile installers|47-2081|94.8|109.9|0.1|0.1|15.1|15.9|24.1
Tapers|47-2082|19.2|22.1|0.0|0.0|2.9|14.8|4.7
Electricians|47-2111|583.5|698.2|0.4|0.4|114.7|19.7|224.6
Glaziers|47-2121|46.7|54.7|0.0|0.0|8.0|17.2|19.1
Insulation workers|47-2130|52.1|71.7|0.0|0.0|19.6|37.6|26.5
Insulation workers, floor, ceiling, and wall|47-2131|23.3|29.4|0.0|0.0|6.1|26.2|9.2
Insulation workers, mechanical|47-2132|28.9|42.4|0.0|0.0|13.5|46.7|17.3
Painters and paperhangers|47-2140|319.6|382.2|0.2|0.2|62.6|19.6|111.1
Painters, construction and maintenance|47-2141|316.2|378.8|0.2|0.2|62.6|19.8|110.5
Paperhangers|47-2142|3.5|3.4|0.0|0.0|0.0|-0.5|0.6
Pipelayers, plumbers, pipefitters, and steamfitters|47-2150|435.4|527.8|0.3|0.3|92.5|21.2|146.6
Pipelayers|47-2151|48.5|58.6|0.0|0.0|10.1|20.8|16.1
Plumbers, pipefitters, and steamfitters|47-2152|386.9|469.2|0.3|0.3|82.3|21.3|130.5
Plasterers and stucco masons|47-2161|22.8|26.2|0.0|0.0|3.4|15.0|4.5
Reinforcing iron and rebar workers|47-2171|15.5|19.0|0.0|0.0|3.6|23.1|6.2
Roofers|47-2181|132.7|147.9|0.1|0.1|15.2|11.4|42.9
Sheet metal workers|47-2211|142.3|164.3|0.1|0.1|22.0|15.5|48.9
Structural iron and steel workers|47-2221|58.1|70.8|0.0|0.0|12.7|21.8|31.5
Solar photovoltaic installers|47-2231|4.8|5.9|0.0|0.0|1.2|24.5|2.0
Helpers, construction trades|47-3000|213.4|278.8|0.1|0.2|65.3|30.6|98.8
Helpers--brickmasons, blockmasons, stonemasons, and tile and marble setters|47-3011|24.4|34.9|0.0|0.0|10.5|43.0|14.3
Helpers--carpenters|47-3012|36.4|47.1|0.0|0.0|10.8|29.6|16.4
Helpers--electricians|47-3013|60.8|83.3|0.0|0.1|22.4|36.9|32.0
Helpers--painters, paperhangers, plasterers, and stucco masons|47-3014|11.1|12.2|0.0|0.0|1.1|10.2|2.9
Helpers--pipelayers, plumbers, pipefitters, and steamfitters|47-3015|47.4|60.6|0.0|0.0|13.2|27.9|20.7
Helpers--roofers|47-3016|12.0|14.0|0.0|0.0|2.1|17.3|3.9
Helpers, construction trades, all other|47-3019|21.4|26.6|0.0|0.0|5.2|24.3|8.6
Other construction and related workers|47-4000|412.5|464.0|0.3|0.3|51.5|12.5|130.7
Construction and building inspectors|47-4011|102.3|114.8|0.1|0.1|12.5|12.2|36.7
Elevator installers and repairers|47-4021|19.7|24.5|0.0|0.0|4.8|24.6|8.0
Fence erectors|47-4031|24.9|32.4|0.0|0.0|7.5|30.0|13.3
Hazardous materials removal workers|47-4041|37.5|42.9|0.0|0.0|5.3|14.2|13.4
Highway maintenance workers|47-4051|147.6|155.9|0.1|0.1|8.4|5.7|30.3
Rail-track laying and maintenance equipment operators|47-4061|17.3|18.2|0.0|0.0|0.9|5.2|4.5
Septic tank servicers and sewer pipe cleaners|47-4071|25.4|31.9|0.0|0.0|6.6|25.8|11.9
Miscellaneous construction and related workers|47-4090|37.8|43.3|0.0|0.0|5.5|14.5|12.4
Segmental pavers|47-4091|1.8|2.4|0.0|0.0|0.7|38.1|1.0
Construction and related workers, all other|47-4099|36.1|40.9|0.0|0.0|4.8|13.4|11.4
Extraction workers|47-5000|267.3|311.0|0.2|0.2|43.7|16.4|126.1
Derrick, rotary drill, and service unit operators, oil, gas, and mining|47-5010|108.1|129.6|0.1|0.1|21.5|19.9|65.2
Derrick operators, oil and gas|47-5011|22.8|27.1|0.0|0.0|4.3|18.8|13.5
Rotary drill operators, oil and gas|47-5012|26.0|30.9|0.0|0.0|4.8|18.6|15.4
Service unit operators, oil, gas, and mining|47-5013|59.3|71.7|0.0|0.0|12.4|20.9|36.4
Earth drillers, except oil and gas|47-5021|19.7|23.4|0.0|0.0|3.8|19.2|9.0
Explosives workers, ordnance handling experts, and blasters|47-5031|6.5|6.9|0.0|0.0|0.3|5.2|2.1
Mining machine operators|47-5040|24.5|24.7|0.0|0.0|0.2|0.8|4.7
Continuous mining machine operators|47-5041|14.3|14.3|0.0|0.0|-0.1|-0.6|2.6
Mine cutting and channeling machine operators|47-5042|7.1|7.3|0.0|0.0|0.2|2.7|1.5
Mining machine operators, all other|47-5049|3.1|3.2|0.0|0.0|0.1|2.7|0.6
Rock splitters, quarry|47-5051|4.6|5.4|0.0|0.0|0.8|17.4|1.4
Roof bolters, mining|47-5061|6.7|6.4|0.0|0.0|-0.3|-4.2|1.8
Roustabouts, oil and gas|47-5071|61.1|72.8|0.0|0.0|11.7|19.2|27.9
Helpers--extraction workers|47-5081|26.4|30.8|0.0|0.0|4.4|16.6|11.4
Extraction workers, all other|47-5099|9.6|10.9|0.0|0.0|1.3|13.5|2.7
Installation, maintenance, and repair occupations|49-0000|5514.8|6046.0|3.8|3.8|531.2|9.6|1813.7
Supervisors of installation, maintenance, and repair workers|49-1000|436.4|470.3|0.3|0.3|33.9|7.8|152.0
First-line supervisors of mechanics, installers, and repairers|49-1011|436.4|470.3|0.3|0.3|33.9|7.8|152.0
Electrical and electronic equipment mechanics, installers, and repairers|49-2000|617.8|643.4|0.4|0.4|25.6|4.1|140.5
Computer, automated teller, and office machine repairers|49-2011|133.1|138.2|0.1|0.1|5.1|3.8|32.8
Radio and telecommunications equipment installers and repairers|49-2020|233.6|243.1|0.2|0.2|9.5|4.1|41.6
Radio, cellular, and tower equipment installers and repairs|49-2021|16.4|17.5|0.0|0.0|1.1|6.6|3.3
Telecommunications equipment installers and repairers, except line installers|49-2022|217.2|225.7|0.1|0.1|8.4|3.9|38.2
Miscellaneous electrical and electronic equipment mechanics, installers, and repairers|49-2090|251.1|262.1|0.2|0.2|11.0|4.4|66.1
Avionics technicians|49-2091|17.1|17.6|0.0|0.0|0.5|2.9|4.0
Electric motor, power tool, and related repairers|49-2092|20.7|19.9|0.0|0.0|-0.8|-4.1|3.6
Electrical and electronics installers and repairers, transportation equipment|49-2093|15.9|16.2|0.0|0.0|0.4|2.3|3.6
Electrical and electronics repairers, commercial and industrial equipment|49-2094|69.0|71.3|0.0|0.0|2.3|3.4|16.3
Electrical and electronics repairers, powerhouse, substation, and relay|49-2095|24.5|24.5|0.0|0.0|-0.1|-0.2|5.0
Electronic equipment installers and repairers, motor vehicles|49-2096|14.6|13.7|0.0|0.0|-0.9|-5.9|1.3
Electronic home entertainment equipment installers and repairers|49-2097|31.3|31.6|0.0|0.0|0.4|1.2|11.4
Security and fire alarm systems installers|49-2098|58.0|67.2|0.0|0.0|9.2|15.9|21.0
Vehicle and mobile equipment mechanics, installers, and repairers|49-3000|1610.5|1750.6|1.1|1.1|140.1|8.7|544.7
Aircraft mechanics and service technicians|49-3011|121.7|124.7|0.1|0.1|3.0|2.4|35.6
Automotive technicians and repairers|49-3020|873.3|956.6|0.6|0.6|83.2|9.5|294.6
Automotive body and related repairers|49-3021|154.2|174.7|0.1|0.1|20.4|13.3|50.1
Automotive glass installers and repairers|49-3022|18.0|20.5|0.0|0.0|2.4|13.6|6.9
Automotive service technicians and mechanics|49-3023|701.1|761.5|0.5|0.5|60.4|8.6|237.6
Bus and truck mechanics and diesel engine specialists|49-3031|250.8|272.5|0.2|0.2|21.6|8.6|75.1
Heavy vehicle and mobile equipment service technicians and mechanics|49-3040|176.3|192.5|0.1|0.1|16.2|9.2|67.1
Farm equipment mechanics and service technicians|49-3041|35.8|39.2|0.0|0.0|3.4|9.5|13.8
Mobile heavy equipment mechanics, except engines|49-3042|119.3|131.6|0.1|0.1|12.3|10.3|46.7
Rail car repairers|49-3043|21.2|21.7|0.0|0.0|0.5|2.5|6.6
Small engine mechanics|49-3050|68.2|72.0|0.0|0.0|3.8|5.6|18.2
Motorboat mechanics and service technicians|49-3051|20.8|22.0|0.0|0.0|1.1|5.5|5.5
Motorcycle mechanics|49-3052|16.8|17.8|0.0|0.0|1.0|6.1|4.6
Outdoor power equipment and other small engine mechanics|49-3053|30.5|32.2|0.0|0.0|1.7|5.5|8.1
Miscellaneous vehicle and mobile equipment mechanics, installers, and repairers|49-3090|120.2|132.4|0.1|0.1|12.2|10.2|54.1
Bicycle repairers|49-3091|10.6|13.3|0.0|0.0|2.7|25.1|6.4
Recreational vehicle service technicians|49-3092|11.1|12.1|0.0|0.0|1.0|8.7|4.8
Tire repairers and changers|49-3093|98.4|107.0|0.1|0.1|8.6|8.7|42.9
Other installation, maintenance, and repair occupations|49-9000|2850.1|3181.6|2.0|2.0|331.5|11.6|976.5
Control and valve installers and repairers|49-9010|56.8|60.4|0.0|0.0|3.6|6.3|22.9
Mechanical door repairers|49-9011|15.8|19.6|0.0|0.0|3.8|23.8|9.1
Control and valve installers and repairers, except mechanical door|49-9012|41.0|40.8|0.0|0.0|-0.2|-0.5|13.8
Heating, air conditioning, and refrigeration mechanics and installers|49-9021|267.6|323.5|0.2|0.2|55.9|20.9|123.7
Home appliance repairers|49-9031|43.7|44.0|0.0|0.0|0.3|0.7|13.9
Industrial machinery installation, repair, and maintenance workers|49-9040|449.7|527.2|0.3|0.3|77.4|17.2|187.6
Industrial machinery mechanics|49-9041|319.3|379.6|0.2|0.2|60.3|18.9|152.5
Maintenance workers, machinery|49-9043|89.0|98.9|0.1|0.1|9.9|11.1|21.1
Millwrights|49-9044|39.4|46.7|0.0|0.0|7.2|18.4|13.4
Refractory materials repairers, except brickmasons|49-9045|2.1|2.1|0.0|0.0|0.0|0.4|0.6
Line installers and repairers|49-9050|249.4|267.7|0.2|0.2|18.3|7.3|91.1
Electrical power-line installers and repairers|49-9051|114.5|124.7|0.1|0.1|10.2|8.9|49.9
Telecommunications line installers and repairers|49-9052|134.9|143.0|0.1|0.1|8.1|6.0|41.2
Precision instrument and equipment repairers|49-9060|70.5|84.6|0.0|0.1|14.1|20.0|33.7
Camera and photographic equipment repairers|49-9061|3.1|3.2|0.0|0.0|0.1|3.3|1.0
Medical equipment repairers|49-9062|42.3|55.1|0.0|0.0|12.8|30.3|24.6
Musical instrument repairers and tuners|49-9063|8.2|8.7|0.0|0.0|0.5|6.2|2.8
Watch repairers|49-9064|3.2|3.2|0.0|0.0|0.1|1.9|0.9
Precision instrument and equipment repairers, all other|49-9069|13.8|14.4|0.0|0.0|0.6|4.5|4.5
Maintenance and repair workers, general|49-9071|1325.1|1450.3|0.9|0.9|125.2|9.4|379.7
Wind turbine service technicians|49-9081|3.2|4.0|0.0|0.0|0.8|24.5|1.3
Miscellaneous installation, maintenance, and repair workers|49-9090|384.1|420.0|0.3|0.3|35.9|9.3|122.6
Coin, vending, and amusement machine servicers and repairers|49-9091|40.9|40.0|0.0|0.0|-0.9|-2.1|4.1
Commercial divers|49-9092|3.6|4.7|0.0|0.0|1.1|29.4|1.9
Fabric menders, except garment|49-9093|1.0|0.9|0.0|0.0|-0.1|-10.4|0.2
Locksmiths and safe repairers|49-9094|22.3|23.9|0.0|0.0|1.6|7.4|9.1
Manufactured building and mobile home installers|49-9095|5.3|4.5|0.0|0.0|-0.8|-15.1|1.3
Riggers|49-9096|15.2|18.7|0.0|0.0|3.5|23.3|7.2
Signal and track switch repairers|49-9097|8.8|8.7|0.0|0.0|-0.1|-1.2|2.1
Helpers--installation, maintenance, and repair workers|49-9098|127.5|145.0|0.1|0.1|17.5|13.7|55.9
Installation, maintenance, and repair workers, all other|49-9099|159.6|173.6|0.1|0.1|14.0|8.8|40.8
Production occupations|51-0000|8941.9|9017.5|6.2|5.6|75.6|0.8|2150.6
Supervisors of production workers|51-1000|594.7|584.2|0.4|0.4|-10.5|-1.8|83.7
First-line supervisors of production and operating workers|51-1011|594.7|584.2|0.4|0.4|-10.5|-1.8|83.7
Assemblers and fabricators|51-2000|1755.2|1819.4|1.2|1.1|64.2|3.7|371.5
Aircraft structure, surfaces, rigging, and systems assemblers|51-2011|41.5|44.0|0.0|0.0|2.4|5.8|9.1
Electrical, electronics, and electromechanical assemblers|51-2020|263.2|244.6|0.2|0.2|-18.6|-7.1|31.9
Coil winders, tapers, and finishers|51-2021|14.4|12.9|0.0|0.0|-1.5|-10.5|1.7
Electrical and electronic equipment assemblers|51-2022|198.3|184.9|0.1|0.1|-13.5|-6.8|24.0
Electromechanical equipment assemblers|51-2023|50.5|46.9|0.0|0.0|-3.6|-7.1|6.1
Engine and other machine assemblers|51-2031|42.0|41.4|0.0|0.0|-0.6|-1.4|6.7
Structural metal fabricators and fitters|51-2041|79.7|85.9|0.1|0.1|6.2|7.7|38.2
Miscellaneous assemblers and fabricators|51-2090|1328.9|1403.6|0.9|0.9|74.7|5.6|285.6
Fiberglass laminators and fabricators|51-2091|18.2|17.4|0.0|0.0|-0.7|-4.1|2.9
Team assemblers|51-2092|1031.8|1081.3|0.7|0.7|49.5|4.8|212.6
Timing device assemblers and adjusters|51-2093|1.2|1.1|0.0|0.0|0.0|-2.6|0.2
Assemblers and fabricators, all other|51-2099|277.7|303.7|0.2|0.2|26.0|9.4|69.9
Food processing workers|51-3000|746.7|769.8|0.5|0.5|23.1|3.1|221.1
Bakers|51-3011|167.6|177.0|0.1|0.1|9.4|5.6|50.1
Butchers and other meat, poultry, and fish processing workers|51-3020|380.8|394.0|0.3|0.2|13.2|3.5|109.1
Butchers and meat cutters|51-3021|136.7|143.2|0.1|0.1|6.5|4.8|40.2
Meat, poultry, and fish cutters and trimmers|51-3022|163.4|172.0|0.1|0.1|8.6|5.3|49.0
Slaughterers and meat packers|51-3023|80.7|78.8|0.1|0.0|-2.0|-2.4|19.9
Miscellaneous food processing workers|51-3090|198.3|198.8|0.1|0.1|0.5|0.2|61.9
Food and tobacco roasting, baking, and drying machine operators and tenders|51-3091|20.0|20.2|0.0|0.0|0.2|0.9|5.4
Food batchmakers|51-3092|105.2|102.5|0.1|0.1|-2.7|-2.6|34.2
Food cooking machine operators and tenders|51-3093|33.4|33.2|0.0|0.0|-0.2|-0.6|8.7
Food processing workers, all other|51-3099|39.7|42.9|0.0|0.0|3.2|8.1|13.6
Metal workers and plastic workers|51-4000|1898.3|1894.2|1.3|1.2|-4.2|-0.2|468.6
Computer control programmers and operators|51-4010|164.6|191.7|0.1|0.1|27.1|16.5|73.1
Computer-controlled machine tool operators, metal and plastic|51-4011|140.3|160.7|0.1|0.1|20.4|14.5|59.6
Computer numerically controlled machine tool programmers, metal and plastic|51-4012|24.3|31.0|0.0|0.0|6.7|27.6|13.5
Forming machine setters, operators, and tenders, metal and plastic|51-4020|133.9|115.5|0.1|0.1|-18.4|-13.7|25.8
Extruding and drawing machine setters, operators, and tenders, metal and plastic|51-4021|74.9|63.0|0.1|0.0|-11.9|-15.9|14.4
Forging machine setters, operators, and tenders, metal and plastic|51-4022|22.6|19.7|0.0|0.0|-2.9|-12.8|4.3
Rolling machine setters, operators, and tenders, metal and plastic|51-4023|36.4|32.8|0.0|0.0|-3.6|-9.9|7.0
Machine tool cutting setters, operators, and tenders, metal and plastic|51-4030|338.8|300.4|0.2|0.2|-38.5|-11.4|47.6
Cutting, punching, and press machine setters, operators, and tenders, metal and plastic|51-4031|184.7|168.2|0.1|0.1|-16.4|-8.9|15.7
Drilling and boring machine tool setters, operators, and tenders, metal and plastic|51-4032|20.9|16.2|0.0|0.0|-4.7|-22.5|4.0
Grinding, lapping, polishing, and buffing machine tool setters, operators, and tenders, metal and plastic|51-4033|71.5|62.5|0.0|0.0|-9.0|-12.6|16.0
Lathe and turning machine tool setters, operators, and tenders, metal and plastic|51-4034|38.6|33.2|0.0|0.0|-5.4|-14.0|7.4
Milling and planing machine setters, operators, and tenders, metal and plastic|51-4035|23.1|20.2|0.0|0.0|-2.9|-12.6|4.5
Machinists|51-4041|397.5|432.4|0.3|0.3|34.8|8.8|125.9
Metal furnace operators, tenders, pourers, and casters|51-4050|31.5|27.2|0.0|0.0|-4.3|-13.6|4.1
Metal-refining furnace operators and tenders|51-4051|20.8|18.5|0.0|0.0|-2.3|-10.9|2.7
Pourers and casters, metal|51-4052|10.7|8.7|0.0|0.0|-2.0|-18.7|1.4
Model makers and patternmakers, metal and plastic|51-4060|10.6|11.0|0.0|0.0|0.4|3.8|2.4
Model makers, metal and plastic|51-4061|6.1|6.3|0.0|0.0|0.1|2.2|1.3
Patternmakers, metal and plastic|51-4062|4.4|4.7|0.0|0.0|0.3|6.0|1.1
Molders and molding machine setters, operators, and tenders, metal and plastic|51-4070|137.5|116.3|0.1|0.1|-21.2|-15.4|16.6
Foundry mold and coremakers|51-4071|12.4|10.4|0.0|0.0|-2.0|-16.2|1.5
Molding, coremaking, and casting machine setters, operators, and tenders, metal and plastic|51-4072|125.0|105.8|0.1|0.1|-19.2|-15.4|15.1
Multiple machine tool setters, operators, and tenders, metal and plastic|51-4081|85.9|74.5|0.1|0.0|-11.4|-13.2|16.6
Tool and die makers|51-4111|78.6|77.5|0.1|0.0|-1.1|-1.4|4.7
Welding, soldering, and brazing workers|51-4120|411.0|442.3|0.3|0.3|31.4|7.6|132.2
Welders, cutters, solderers, and brazers|51-4121|357.4|378.2|0.2|0.2|20.8|5.8|108.5
Welding, soldering, and brazing machine setters, operators, and tenders|51-4122|53.5|64.1|0.0|0.0|10.6|19.8|23.7
Miscellaneous metal workers and plastic workers|51-4190|108.5|105.5|0.1|0.1|-3.0|-2.8|19.5
Heat treating equipment setters, operators, and tenders, metal and plastic|51-4191|22.0|21.6|0.0|0.0|-0.4|-1.9|4.2
Layout workers, metal and plastic|51-4192|12.7|12.3|0.0|0.0|-0.4|-3.0|2.4
Plating and coating machine setters, operators, and tenders, metal and plastic|51-4193|35.0|31.9|0.0|0.0|-3.0|-8.6|6.7
Tool grinders, filers, and sharpeners|51-4194|12.6|12.6|0.0|0.0|0.1|0.4|2.5
Metal workers and plastic workers, all other|51-4199|26.3|27.1|0.0|0.0|0.8|2.9|3.6
Printing workers|51-5100|276.0|261.5|0.2|0.2|-14.5|-5.3|51.9
Prepress technicians and workers|51-5111|42.7|37.2|0.0|0.0|-5.5|-12.9|10.9
Printing press operators|51-5112|178.4|171.4|0.1|0.1|-7.0|-3.9|31.4
Print binding and finishing workers|51-5113|54.9|52.9|0.0|0.0|-2.0|-3.7|9.6
Textile, apparel, and furnishings workers|51-6000|657.5|610.6|0.5|0.4|-47.0|-7.1|134.6
Laundry and dry-cleaning workers|51-6011|210.7|231.2|0.1|0.1|20.5|9.7|82.9
Pressers, textile, garment, and related materials|51-6021|54.3|55.7|0.0|0.0|1.4|2.6|6.9
Sewing machine operators|51-6031|161.4|119.7|0.1|0.1|-41.7|-25.8|7.7
Shoe and leather workers|51-6040|12.1|9.7|0.0|0.0|-2.4|-20.1|2.0
Shoe and leather workers and repairers|51-6041|8.7|7.4|0.0|0.0|-1.2|-14.0|1.4
Shoe machine operators and tenders|51-6042|3.5|2.3|0.0|0.0|-1.2|-35.3|0.6
Tailors, dressmakers, and sewers|51-6050|61.0|59.1|0.0|0.0|-1.9|-3.1|6.5
Sewers, hand|51-6051|11.1|10.0|0.0|0.0|-1.0|-9.3|1.2
Tailors, dressmakers, and custom sewers|51-6052|49.9|49.0|0.0|0.0|-0.9|-1.8|5.3
Textile machine setters, operators, and tenders|51-6060|76.3|58.3|0.1|0.0|-17.9|-23.5|12.3
Textile bleaching and dyeing machine operators and tenders|51-6061|11.4|8.6|0.0|0.0|-2.7|-24.0|1.8
Textile cutting machine setters, operators, and tenders|51-6062|15.5|11.3|0.0|0.0|-4.2|-27.1|2.5
Textile knitting and weaving machine setters, operators, and tenders|51-6063|21.9|16.5|0.0|0.0|-5.4|-24.5|3.5
Textile winding, twisting, and drawing out machine setters, operators, and tenders|51-6064|27.5|21.8|0.0|0.0|-5.6|-20.5|4.4
Miscellaneous textile, apparel, and furnishings workers|51-6090|81.8|76.9|0.1|0.0|-4.9|-5.9|16.2
Extruding and forming machine setters, operators, and tenders, synthetic and glass fibers|51-6091|18.0|15.8|0.0|0.0|-2.2|-12.2|2.9
Fabric and apparel patternmakers|51-6092|6.5|4.9|0.0|0.0|-1.6|-25.0|1.0
Upholsterers|51-6093|40.9|41.2|0.0|0.0|0.3|0.7|11.3
Textile, apparel, and furnishings workers, all other|51-6099|16.4|15.0|0.0|0.0|-1.3|-8.2|1.0
Woodworkers|51-7000|222.3|239.0|0.2|0.1|16.7|7.5|46.3
Cabinetmakers and bench carpenters|51-7011|86.2|89.7|0.1|0.1|3.5|4.1|10.4
Furniture finishers|51-7021|14.8|15.3|0.0|0.0|0.5|3.3|2.8
Model makers and patternmakers, wood|51-7030|2.0|2.1|0.0|0.0|0.1|3.5|0.4
Model makers, wood|51-7031|1.3|1.3|0.0|0.0|0.1|5.5|0.3
Patternmakers, wood|51-7032|0.8|0.8|0.0|0.0|0.0|0.2|0.1
Woodworking machine setters, operators, and tenders|51-7040|101.7|113.4|0.1|0.1|11.7|11.5|26.1
Sawing machine setters, operators, and tenders, wood|51-7041|40.2|45.7|0.0|0.0|5.4|13.5|16.6
Woodworking machine setters, operators, and tenders, except sawing|51-7042|61.5|67.7|0.0|0.0|6.3|10.2|9.6
Woodworkers, all other|51-7099|17.5|18.4|0.0|0.0|0.9|5.0|6.6
Plant and system operators|51-8000|314.2|311.8|0.2|0.2|-2.4|-0.8|118.0
Power plant operators, distributors, and dispatchers|51-8010|60.7|56.0|0.0|0.0|-4.6|-7.6|18.8
Nuclear power reactor operators|51-8011|7.2|7.2|0.0|0.0|0.0|0.5|2.3
Power distributors and dispatchers|51-8012|11.7|11.6|0.0|0.0|-0.1|-0.9|3.6
Power plant operators|51-8013|41.8|37.2|0.0|0.0|-4.5|-10.8|12.9
Stationary engineers and boiler operators|51-8021|37.9|39.0|0.0|0.0|1.2|3.1|12.7
Water and wastewater treatment plant and system operators|51-8031|111.0|119.6|0.1|0.1|8.6|7.7|47.5
Miscellaneous plant and system operators|51-8090|104.7|97.2|0.1|0.1|-7.5|-7.2|38.9
Chemical plant and system operators|51-8091|38.3|33.9|0.0|0.0|-4.4|-11.5|14.2
Gas plant operators|51-8092|12.5|11.4|0.0|0.0|-1.1|-8.8|4.7
Petroleum pump system operators, refinery operators, and gaugers|51-8093|41.9|39.8|0.0|0.0|-2.1|-5.1|15.5
Plant and system operators, all other|51-8099|11.9|12.0|0.0|0.0|0.1|0.7|4.5
Other production occupations|51-9000|2476.9|2527.1|1.7|1.6|50.2|2.0|655.1
Chemical processing machine setters, operators, and tenders|51-9010|97.7|91.8|0.1|0.1|-5.9|-6.0|34.0
Chemical equipment operators and tenders|51-9011|56.4|51.7|0.0|0.0|-4.7|-8.3|19.7
Separating, filtering, clarifying, precipitating, and still machine setters, operators, and tenders|51-9012|41.3|40.1|0.0|0.0|-1.2|-2.9|14.4
Crushing, grinding, polishing, mixing, and blending workers|51-9020|181.8|176.8|0.1|0.1|-5.0|-2.7|51.3
Crushing, grinding, and polishing machine setters, operators, and tenders|51-9021|30.2|29.5|0.0|0.0|-0.7|-2.3|8.5
Grinding and polishing workers, hand|51-9022|31.5|31.0|0.0|0.0|-0.5|-1.7|8.9
Mixing and blending machine setters, operators, and tenders|51-9023|120.1|116.4|0.1|0.1|-3.7|-3.1|33.9
Cutting workers|51-9030|72.6|65.5|0.0|0.0|-7.1|-9.7|12.2
Cutters and trimmers, hand|51-9031|14.2|12.1|0.0|0.0|-2.2|-15.3|2.4
Cutting and slicing machine setters, operators, and tenders|51-9032|58.3|53.4|0.0|0.0|-4.9|-8.4|9.8
Extruding, forming, pressing, and compacting machine setters, operators, and tenders|51-9041|70.6|68.3|0.0|0.0|-2.2|-3.2|19.2
Furnace, kiln, oven, drier, and kettle operators and tenders|51-9051|20.5|19.6|0.0|0.0|-0.9|-4.3|4.8
Inspectors, testers, sorters, samplers, and weighers|51-9061|464.3|490.0|0.3|0.3|25.7|5.5|127.7
Jewelers and precious stone and metal workers|51-9071|32.7|29.5|0.0|0.0|-3.2|-9.8|6.7
Medical, dental, and ophthalmic laboratory technicians|51-9080|82.9|88.5|0.1|0.1|5.6|6.7|33.6
Dental laboratory technicians|51-9081|39.0|40.0|0.0|0.0|1.0|2.6|14.2
Medical appliance technicians|51-9082|12.9|13.8|0.0|0.0|0.8|6.4|5.2
Ophthalmic laboratory technicians|51-9083|31.0|34.7|0.0|0.0|3.7|12.1|14.2
Packaging and filling machine operators and tenders|51-9111|369.2|371.4|0.3|0.2|2.3|0.6|89.3
Painting workers|51-9120|149.7|155.2|0.1|0.1|5.5|3.7|32.8
Coating, painting, and spraying machine setters, operators, and tenders|51-9121|83.8|84.2|0.1|0.1|0.4|0.5|15.7
Painters, transportation equipment|51-9122|48.9|54.0|0.0|0.0|5.1|10.4|14.0
Painting, coating, and decorating workers|51-9123|17.0|17.0|0.0|0.0|0.0|0.2|3.1
Semiconductor processors|51-9141|21.3|15.5|0.0|0.0|-5.8|-27.1|5.0
Photographic process workers and processing machine operators|51-9151|47.1|47.2|0.0|0.0|0.1|0.2|13.9
Miscellaneous production workers|51-9190|866.8|907.8|0.6|0.6|41.1|4.7|224.5
Adhesive bonding machine operators and tenders|51-9191|16.8|16.9|0.0|0.0|0.1|0.6|4.1
Cleaning, washing, and metal pickling equipment operators and tenders|51-9192|16.0|15.9|0.0|0.0|-0.1|-0.6|3.8
Cooling and freezing equipment operators and tenders|51-9193|8.3|8.3|0.0|0.0|0.1|1.0|2.0
Etchers and engravers|51-9194|9.7|9.3|0.0|0.0|-0.4|-3.8|2.3
Molders, shapers, and casters, except metal and plastic|51-9195|42.0|45.1|0.0|0.0|3.1|7.5|17.0
Paper goods machine setters, operators, and tenders|51-9196|95.0|87.5|0.1|0.1|-7.6|-8.0|8.5
Tire builders|51-9197|17.4|15.8|0.0|0.0|-1.5|-8.8|4.1
Helpers--production workers|51-9198|419.9|449.6|0.3|0.3|29.8|7.1|102.2
Production workers, all other|51-9199|241.8|259.3|0.2|0.2|17.5|7.3|80.6
Transportation and material moving occupations|53-0000|9245.7|10036.4|6.4|6.2|790.6|8.6|2992.1
Supervisors of transportation and material moving workers|53-1000|379.5|411.5|0.3|0.3|32.0|8.4|136.4
Aircraft cargo handling supervisors|53-1011|6.8|6.9|0.0|0.0|0.0|0.7|1.9
First-line supervisors of helpers, laborers, and material movers, hand|53-1021|171.6|186.3|0.1|0.1|14.7|8.5|61.9
First-line supervisors of transportation and material-moving machine and vehicle operators|53-1031|201.0|218.3|0.1|0.1|17.3|8.6|72.6
Air transportation workers|53-2000|220.9|215.3|0.2|0.1|-5.6|-2.6|62.5
Aircraft pilots and flight engineers|53-2010|104.1|103.3|0.1|0.1|-0.8|-0.8|33.7
Airline pilots, copilots, and flight engineers|53-2011|66.4|62.1|0.0|0.0|-4.4|-6.6|19.2
Commercial pilots|53-2012|37.6|41.2|0.0|0.0|3.6|9.4|14.4
Air traffic controllers and airfield operations specialists|53-2020|32.1|32.8|0.0|0.0|0.7|2.3|14.9
Air traffic controllers|53-2021|25.0|25.4|0.0|0.0|0.4|1.4|11.4
Airfield operations specialists|53-2022|7.1|7.5|0.0|0.0|0.4|5.1|3.5
Flight attendants|53-2031|84.8|79.2|0.1|0.0|-5.5|-6.5|14.0
Motor vehicle operators|53-3000|3945.4|4314.2|2.7|2.7|368.8|9.3|1013.2
Ambulance drivers and attendants, except emergency medical technicians|53-3011|18.9|24.8|0.0|0.0|5.9|31.1|9.0
Bus drivers|53-3020|654.3|712.2|0.5|0.4|57.9|8.9|178.0
Bus drivers, transit and intercity|53-3021|170.6|187.4|0.1|0.1|16.8|9.8|48.1
Bus drivers, school or special client|53-3022|483.6|524.8|0.3|0.3|41.1|8.5|129.9
Driver/sales workers and truck drivers|53-3030|2975.1|3236.5|2.0|2.0|261.4|8.8|737.2
Driver/sales workers|53-3031|432.0|468.8|0.3|0.3|36.8|8.5|105.9
Heavy and tractor-trailer truck drivers|53-3032|1701.5|1894.1|1.2|1.2|192.6|11.3|464.7
Light truck or delivery services drivers|53-3033|841.6|873.6|0.6|0.5|32.0|3.8|166.6
Taxi drivers and chauffeurs|53-3041|233.0|269.1|0.2|0.2|36.2|15.5|63.7
Motor vehicle operators, all other|53-3099|64.1|71.5|0.0|0.0|7.4|11.5|25.3
Rail transportation workers|53-4000|126.0|122.7|0.1|0.1|-3.3|-2.6|38.8
Locomotive engineers and operators|53-4010|44.9|42.9|0.0|0.0|-2.0|-4.5|13.6
Locomotive engineers|53-4011|38.0|36.5|0.0|0.0|-1.5|-3.9|11.4
Locomotive firers|53-4012|1.6|0.9|0.0|0.0|-0.7|-42.0|0.5
Rail yard engineers, dinkey operators, and hostlers|53-4013|5.3|5.4|0.0|0.0|0.1|2.4|1.7
Railroad brake, signal, and switch operators|53-4021|25.0|24.4|0.0|0.0|-0.7|-2.6|7.6
Railroad conductors and yardmasters|53-4031|43.8|42.5|0.0|0.0|-1.3|-2.9|13.3
Subway and streetcar operators|53-4041|9.0|9.6|0.0|0.0|0.6|6.5|3.3
Rail transportation workers, all other|53-4099|3.1|3.2|0.0|0.0|0.1|2.2|1.0
Water transportation workers|53-5000|81.6|92.4|0.1|0.1|10.9|13.3|48.1
Sailors and marine oilers|53-5011|31.9|36.9|0.0|0.0|5.0|15.5|19.3
Ship and boat captains and operators|53-5020|38.8|43.9|0.0|0.0|5.1|13.1|23.1
Captains, mates, and pilots of water vessels|53-5021|35.4|40.2|0.0|0.0|4.9|13.8|21.3
Motorboat operators|53-5022|3.4|3.6|0.0|0.0|0.2|5.7|1.8
Ship engineers|53-5031|10.8|11.7|0.0|0.0|0.8|7.8|5.7
Other transportation workers|53-6000|334.6|371.8|0.2|0.2|37.2|11.1|161.4
Bridge and lock tenders|53-6011|3.6|3.6|0.0|0.0|-0.1|-2.0|1.4
Parking lot attendants|53-6021|128.3|137.6|0.1|0.1|9.3|7.3|70.9
Automotive and watercraft service attendants|53-6031|109.5|129.3|0.1|0.1|19.8|18.1|51.2
Traffic technicians|53-6041|6.6|7.3|0.0|0.0|0.8|11.7|3.4
Transportation inspectors|53-6051|26.2|29.1|0.0|0.0|2.9|11.2|11.7
Transportation attendants, except flight attendants|53-6061|23.3|25.9|0.0|0.0|2.6|11.0|6.4
Transportation workers, all other|53-6099|37.1|39.0|0.0|0.0|1.9|5.1|16.5
Material moving workers|53-7000|4157.8|4508.5|2.9|2.8|350.7|8.4|1531.7
Conveyor operators and tenders|53-7011|39.1|40.5|0.0|0.0|1.3|3.4|12.4
Crane and tower operators|53-7021|43.8|51.2|0.0|0.0|7.4|16.8|22.4
Dredge, excavating, and loading machine operators|53-7030|55.9|64.4|0.0|0.0|8.5|15.1|12.9
Dredge operators|53-7031|2.0|2.2|0.0|0.0|0.3|13.3|0.4
Excavating and loading machine and dragline operators|53-7032|50.7|58.9|0.0|0.0|8.2|16.2|12.3
Loading machine operators, underground mining|53-7033|3.3|3.3|0.0|0.0|0.0|-0.6|0.3
Hoist and winch operators|53-7041|3.1|3.2|0.0|0.0|0.1|2.7|1.0
Industrial truck and tractor operators|53-7051|508.6|495.0|0.3|0.3|-13.6|-2.7|116.8
Laborers and material movers, hand|53-7060|3295.6|3615.6|2.3|2.2|320.0|9.7|1287.1
Cleaners of vehicles and equipment|53-7061|325.2|361.2|0.2|0.2|35.9|11.1|126.3
Laborers and freight, stock, and material movers, hand|53-7062|2197.3|2439.2|1.5|1.5|241.9|11.0|922.5
Machine feeders and offbearers|53-7063|106.1|108.2|0.1|0.1|2.1|2.0|23.2
Packers and packagers, hand|53-7064|666.9|707.0|0.5|0.4|40.1|6.0|215.0
Pumping station operators|53-7070|34.3|37.9|0.0|0.0|3.7|10.7|15.7
Gas compressor and gas pumping station operators|53-7071|4.8|4.7|0.0|0.0|-0.1|-3.1|1.7
Pump operators, except wellhead pumpers|53-7072|13.2|14.7|0.0|0.0|1.4|10.8|6.0
Wellhead pumpers|53-7073|16.2|18.6|0.0|0.0|2.4|14.8|8.0
Refuse and recyclable material collectors|53-7081|133.2|154.9|0.1|0.1|21.6|16.2|49.3
Mine shuttle car operators|53-7111|3.0|2.9|0.0|0.0|-0.1|-3.7|0.8
Tank car, truck, and ship loaders|53-7121|12.5|12.8|0.0|0.0|0.3|2.7|3.9
Material moving workers, all other|53-7199|28.7|30.2|0.0|0.0|1.5|5.3|9.4
Source: Employment Projections program, U.S. Department of Labor, U.S. Bureau of Labor Statistics||||||||
