"BLSEmploymentMatrixTitle";"BLSSOCCode";"BLSNumber2012";"BLSNumber2022";"BLSPercent2012";"BLSPercent2022";"BLSNumberChange";"BLSPercentChange";"BLSJobOpenings"
"Total, all occupations";"00-0000";"145355.8";"160983.7";"100.0";"100.0";"15628.0";"10.8";"50557.3"
"Management occupations";"11-0000";"8861.5";"9498.0";"6.1";"5.9";"636.6";"7.2";"2586.7"
"Top executives";"11-1000";"2361.5";"2626.8";"1.6";"1.6";"265.2";"11.2";"717.4"
"Chief executives";"11-1011";"330.5";"347.9";"0.2";"0.2";"17.4";"5.3";"87.8"
"General and operations managers";"11-1021";"1972.7";"2216.8";"1.4";"1.4";"244.1";"12.4";"613.1"
"Legislators";"11-1031";"58.4";"62.1";"0.0";"0.0";"3.7";"6.4";"16.5"
"Advertising, marketing, promotions, public relations, and sales managers";"11-2000";"637.4";"700.5";"0.4";"0.4";"63.1";"9.9";"203.3"
"Advertising and promotions managers";"11-2011";"35.5";"38.0";"0.0";"0.0";"2.4";"6.9";"13.4"
"Marketing and sales managers";"11-2020";"539.8";"592.5";"0.4";"0.4";"52.7";"9.8";"168.6"
"Marketing managers";"11-2021";"180.5";"203.4";"0.1";"0.1";"22.9";"12.7";"61.7"
"Sales managers";"11-2022";"359.3";"389.0";"0.2";"0.2";"29.8";"8.3";"106.9"
"Public relations and fundraising managers";"11-2031";"62.1";"70.1";"0.0";"0.0";"8.0";"12.9";"21.3"
"Operations specialties managers";"11-3000";"1647.5";"1799.7";"1.1";"1.1";"152.1";"9.2";"459.1"
"Administrative services managers";"11-3011";"280.8";"315.0";"0.2";"0.2";"34.2";"12.2";"79.9"
"Computer and information systems managers";"11-3021";"332.7";"383.6";"0.2";"0.2";"50.9";"15.3";"97.1"
"Financial managers";"11-3031";"532.1";"579.2";"0.4";"0.4";"47.1";"8.9";"146.9"
"Industrial production managers";"11-3051";"172.7";"168.6";"0.1";"0.1";"-4.1";"-2.4";"31.4"
"Purchasing managers";"11-3061";"71.9";"73.4";"0.0";"0.0";"1.5";"2.1";"17.3"
"Transportation, storage, and distribution managers";"11-3071";"105.2";"110.3";"0.1";"0.1";"5.1";"4.9";"29.1"
"Compensation and benefits managers";"11-3111";"20.7";"21.4";"0.0";"0.0";"0.6";"3.1";"6.1"
"Human resources managers";"11-3121";"102.7";"116.3";"0.1";"0.1";"13.6";"13.2";"40.6"
"Training and development managers";"11-3131";"28.6";"31.8";"0.0";"0.0";"3.2";"11.2";"10.7"
"Other management occupations";"11-9000";"4215.0";"4371.0";"2.9";"2.7";"156.1";"3.7";"1207.0"
"Farmers, ranchers, and other agricultural managers";"11-9013";"930.6";"750.7";"0.6";"0.5";"-179.9";"-19.3";"150.2"
"Construction managers";"11-9021";"485.0";"563.2";"0.3";"0.3";"78.2";"16.1";"154.6"
"Education administrators";"11-9030";"491.4";"542.0";"0.3";"0.3";"50.6";"10.3";"181.3"
"Education administrators, preschool and childcare center/program";"11-9031";"63.8";"74.7";"0.0";"0.0";"10.9";"17.0";"27.8"
"Education administrators, elementary and secondary school";"11-9032";"231.5";"244.7";"0.2";"0.2";"13.1";"5.7";"74.7"
"Education administrators, postsecondary";"11-9033";"161.8";"185.3";"0.1";"0.1";"23.5";"14.5";"66.5"
"Education administrators, all other";"11-9039";"34.2";"37.3";"0.0";"0.0";"3.1";"9.0";"12.2"
"Architectural and engineering managers";"11-9041";"193.8";"206.9";"0.1";"0.1";"13.1";"6.7";"60.6"
"Food service managers";"11-9051";"321.4";"326.5";"0.2";"0.2";"5.0";"1.6";"62.4"
"Funeral service managers";"11-9061";"9.3";"10.5";"0.0";"0.0";"1.2";"12.5";"3.2"
"Gaming managers";"11-9071";"4.8";"5.2";"0.0";"0.0";"0.4";"7.5";"1.4"
"Lodging managers";"11-9081";"50.4";"51.1";"0.0";"0.0";"0.7";"1.4";"16.2"
"Medical and health services managers";"11-9111";"315.5";"388.8";"0.2";"0.2";"73.3";"23.2";"149.9"
"Natural sciences managers";"11-9121";"51.6";"54.5";"0.0";"0.0";"2.9";"5.7";"13.7"
"Postmasters and mail superintendents";"11-9131";"23.0";"17.4";"0.0";"0.0";"-5.6";"-24.2";"5.0"
"Property, real estate, and community association managers";"11-9141";"297.0";"332.0";"0.2";"0.2";"35.0";"11.8";"102.1"
"Social and community service managers";"11-9151";"132.9";"160.6";"0.1";"0.1";"27.7";"20.8";"55.1"
"Emergency management directors";"11-9161";"9.9";"10.7";"0.0";"0.0";"0.8";"8.3";"2.2"
"Managers, all other";"11-9199";"898.2";"950.8";"0.6";"0.6";"52.6";"5.9";"249.1"
"Business and financial operations occupations";"13-0000";"7167.6";"8065.7";"4.9";"5.0";"898.1";"12.5";"2351.5"
"Business operations specialists";"13-1000";"4432.3";"5009.2";"3.0";"3.1";"576.9";"13.0";"1344.1"
"Agents and business managers of artists, performers, and athletes";"13-1011";"18.3";"20.1";"0.0";"0.0";"1.8";"9.7";"5.8"
"Buyers and purchasing agents";"13-1020";"432.7";"450.9";"0.3";"0.3";"18.1";"4.2";"105.0"
"Buyers and purchasing agents, farm products";"13-1021";"14.2";"15.0";"0.0";"0.0";"0.8";"5.9";"3.5"
"Wholesale and retail buyers, except farm products";"13-1022";"124.6";"133.5";"0.1";"0.1";"8.9";"7.1";"39.9"
"Purchasing agents, except wholesale, retail, and farm products";"13-1023";"294.0";"302.4";"0.2";"0.2";"8.4";"2.9";"61.6"
