"CIP2010 Code";"CIP2010Title";"SOC2010Code";"SOC2010Title";"";""
"01.0000";"Agriculture, General.";"19-1011";"Animal Scientists";"";""
"01.0000";"Agriculture, General.";"19-1012";"Food Scientists and Technologists";"";""
"01.0000";"Agriculture, General.";"19-1013";"Soil and Plant Scientists";"";""
"01.0000";"Agriculture, General.";"25-1041";"Agricultural Sciences Teachers, Postsecondary";"";""
"01.0101";"Agricultural Business and Management, General.";"11-9013";"Farmers, Ranchers, and Other Agricultural Managers";"";""
"01.0101";"Agricultural Business and Management, General.";"25-1041";"Agricultural Sciences Teachers, Postsecondary";"";""
"01.0102";"Agribusiness/Agricultural Business Operations.";"11-9013";"Farmers, Ranchers, and Other Agricultural Managers";"";""
"01.0102";"Agribusiness/Agricultural Business Operations.";"25-1041";"Agricultural Sciences Teachers, Postsecondary";"";""
"01.0103";"Agricultural Economics.";"19-3011";"Economists";"";""
"01.0103";"Agricultural Economics.";"25-1041";"Agricultural Sciences Teachers, Postsecondary";"";""
"01.0104";"Farm/Farm and Ranch Management.";"11-9013";"Farmers, Ranchers, and Other Agricultural Managers";"";""
"01.0104";"Farm/Farm and Ranch Management.";"25-1041";"Agricultural Sciences Teachers, Postsecondary";"";""
"01.0104";"Farm/Farm and Ranch Management.";"25-9021";"Farm and Home Management Advisors";"";""
"01.0104";"Farm/Farm and Ranch Management.";"45-1011";"First-Line Supervisors of Farming, Fishing, and Forestry Workers";"";""
"01.0105";"Agricultural/Farm Supplies Retailing and Wholesaling.";"13-1021";"Buyers and Purchasing Agents, Farm Products";"";""
"01.0105";"Agricultural/Farm Supplies Retailing and Wholesaling.";"25-1041";"Agricultural Sciences Teachers, Postsecondary";"";""
"01.0105";"Agricultural/Farm Supplies Retailing and Wholesaling.";"45-2041";"Graders and Sorters, Agricultural Products";"";""
"01.0106";"Agricultural Business Technology.";"15-1151";"Computer User Support Specialists";"";""
"01.0106";"Agricultural Business Technology.";"43-1011";"First-Line Supervisors of Office and Administrative Support Workers";"";""
"01.0199";"Agricultural Business and Management, Other.";"11-9013";"Farmers, Ranchers, and Other Agricultural Managers";"";""
"01.0199";"Agricultural Business and Management, Other.";"25-1041";"Agricultural Sciences Teachers, Postsecondary";"";""
"01.0199";"Agricultural Business and Management, Other.";"45-1011";"First-Line Supervisors of Farming, Fishing, and Forestry Workers";"";""
"01.0201";"Agricultural Mechanization, General.";"25-1041";"Agricultural Sciences Teachers, Postsecondary";"";""
"01.0201";"Agricultural Mechanization, General.";"49-3041";"Farm Equipment Mechanics and Service Technicians";"";""
"01.0204";"Agricultural Power Machinery Operation.";"25-1041";"Agricultural Sciences Teachers, Postsecondary";"";""
"01.0204";"Agricultural Power Machinery Operation.";"45-2091";"Agricultural Equipment Operators";"";""
"01.0204";"Agricultural Power Machinery Operation.";"49-3041";"Farm Equipment Mechanics and Service Technicians";"";""
"01.0205";"Agricultural Mechanics and Equipment/Machine Technology.";"49-3011";"Aircraft Mechanics and Service Technicians";"";""
"01.0205";"Agricultural Mechanics and Equipment/Machine Technology.";"49-3041";"Farm Equipment Mechanics and Service Technicians";"";""
"01.0205";"Agricultural Mechanics and Equipment/Machine Technology.";"49-3042";"Mobile Heavy Equipment Mechanics, Except Engines";"";""
"01.0299";"Agricultural Mechanization, Other.";"25-1041";"Agricultural Sciences Teachers, Postsecondary";"";""
"01.0299";"Agricultural Mechanization, Other.";"49-3041";"Farm Equipment Mechanics and Service Technicians";"";""
"01.0301";"Agricultural Production Operations, General.";"11-9013";"Farmers, Ranchers, and Other Agricultural Managers";"";""
"01.0301";"Agricultural Production Operations, General.";"25-1041";"Agricultural Sciences Teachers, Postsecondary";"";""
"01.0301";"Agricultural Production Operations, General.";"45-1011";"First-Line Supervisors of Farming, Fishing, and Forestry Workers";"";""
"01.0302";"Animal/Livestock Husbandry and Production.";"11-9013";"Farmers, Ranchers, and Other Agricultural Managers";"";""
"01.0302";"Animal/Livestock Husbandry and Production.";"25-1041";"Agricultural Sciences Teachers, Postsecondary";"";""
"01.0302";"Animal/Livestock Husbandry and Production.";"25-9021";"Farm and Home Management Advisors";"";""
"01.0302";"Animal/Livestock Husbandry and Production.";"45-1011";"First-Line Supervisors of Farming, Fishing, and Forestry Workers";"";""
"01.0302";"Animal/Livestock Husbandry and Production.";"45-2021";"Animal Breeders";"";""
"01.0303";"Aquaculture.";"11-9013";"Farmers, Ranchers, and Other Agricultural Managers";"";""
"01.0303";"Aquaculture.";"25-1041";"Agricultural Sciences Teachers, Postsecondary";"";""
"01.0303";"Aquaculture.";"45-1011";"First-Line Supervisors of Farming, Fishing, and Forestry Workers";"";""
"01.0304";"Crop Production.";"11-9013";"Farmers, Ranchers, and Other Agricultural Managers";"";""
"01.0304";"Crop Production.";"25-1041";"Agricultural Sciences Teachers, Postsecondary";"";""
"01.0304";"Crop Production.";"25-9021";"Farm and Home Management Advisors";"";""
"01.0304";"Crop Production.";"45-1011";"First-Line Supervisors of Farming, Fishing, and Forestry Workers";"";""
"01.0306";"Dairy Husbandry and Production.";"11-9013";"Farmers, Ranchers, and Other Agricultural Managers";"";""
"01.0306";"Dairy Husbandry and Production.";"45-1011";"First-Line Supervisors of Farming, Fishing, and Forestry Workers";"";""
