"IPEDSUnitID";"IPEDSInstitutionName";"IPEDSYear";"IPEDSFirstorSecondMajor";"IPEDSAwardLevelCode";"IPEDSOfferedasDistanceEducationProgram";"IPEDSGrandTotal";"IPEDSGrandTotalM";"IPEDSGrandTotalW";"IPEDSAmericanIndianorAKNativeT";"IPEDSAmericanIndianorAKNativeM";"IPEDSAmericanIndianorAKNativeW";"IPEDSAsianT";"IPEDSAsianM";"IPEDSAsianW";"IPEDSBlackorAfricanAmericanT";"IPEDSBlackorAfricanAmericanM";"IPEDSBlackorAfricanAmericanW";"IPEDSHispanicorLatinoT";"IPEDSHispanicorLatinoM";"IPEDSHispanicorLatinoW";"IPEDSNativeHIorOtherPacificIslanderT";"IPEDSNativeHIorOtherPacificIslanderM";"IPEDSNativeHIorOtherPacificIslanderW";"IPEDSWhiteT";"IPEDSWhiteM";"IPEDSWhiteW";"IPEDSTwoorMoreRacesT";"IPEDSTwoorMoreRacesM";"IPEDSTwoorMoreRacesW";"IPEDSRaceEthnicityUnknownT";"IPEDSRaceEthnicityUnknownM";"IPEDSRaceEthnicityUnknownW";"IPEDSNonresidentAlienT";"IPEDSNonresidentAlienM";"IPEDSNonresidentAlienW";"IPEDSIDXC";"IPEDSCIPCode2010Classification";"IPEDSCIPTitle";"BLSSOCCode";"NCESSOC2010Title";"BLSEmploymentMatrixTitle";"BLSNumber2012";"BLSNumber2022";"BLSPercent2012";"BLSPercent2022";"BLSNumberChange";"BLSPercentChange";"BLSJobOpenings"
"100654";"Alabama A & M University";"2012";"First major";"Bachelors degree";"No";"6";"4";"2";"0";"0";"0";"0";"0";"0";"6";"4";"2";"0";"0";"0";"0";"0";"0";"0";"0";"0";"0";"0";"0";"0";"0";"0";"0";"0";"0";"-2";"01.0000";"Agriculture, General";"19-1011";"Animal Scientists";"Animal scientists";"2.7";"3.0";"0.0";"0.0";"0.2";"8.8";"1.2"
"100654";"Alabama A & M University";"2012";"First major";"Masters degree";"No";"1";"1";"0";"0";"0";"0";"0";"0";"0";"1";"1";"0";"0";"0";"0";"0";"0";"0";"0";"0";"0";"0";"0";"0";"0";"0";"0";"0";"0";"0";"-2";"01.0102";"Agribusiness/Agricultural Business Operations";"11-9013";"Farmers, Ranchers, and Other Agricultural Managers";"Farmers, ranchers, and other agricultural managers";"930.6";"750.7";"0.6";"0.5";"-179.9";"-19.3";"150.2"
"100654";"Alabama A & M University";"2012";"First major";"Bachelors degree";"No";"2";"0";"2";"0";"0";"0";"0";"0";"0";"2";"0";"2";"0";"0";"0";"0";"0";"0";"0";"0";"0";"0";"0";"0";"0";"0";"0";"0";"0";"0";"-2";"01.0901";"Animal Sciences, General";"11-9013";"Farmers, Ranchers, and Other Agricultural Managers";"Farmers, ranchers, and other agricultural managers";"930.6";"750.7";"0.6";"0.5";"-179.9";"-19.3";"150.2"
"100654";"Alabama A & M University";"2012";"First major";"Bachelors degree";"No";"12";"2";"10";"0";"0";"0";"0";"0";"0";"12";"2";"10";"0";"0";"0";"0";"0";"0";"0";"0";"0";"0";"0";"0";"0";"0";"0";"0";"0";"0";"-2";"01.1001";"Food Science";"19-1012";"Food Scientists and Technologists";"Food scientists and technologists";"19.4";"21.5";"0.0";"0.0";"2.1";"10.8";"8.5"
"100654";"Alabama A & M University";"2012";"First major";"Masters degree";"No";"9";"1";"8";"0";"0";"0";"0";"0";"0";"9";"1";"8";"0";"0";"0";"0";"0";"0";"0";"0";"0";"0";"0";"0";"0";"0";"0";"0";"0";"0";"-2";"01.1001";"Food Science";"19-1012";"Food Scientists and Technologists";"Food scientists and technologists";"19.4";"21.5";"0.0";"0.0";"2.1";"10.8";"8.5"
"100654";"Alabama A & M University";"2012";"First major";"Doctors degree - research/scholarship ";"No";"3";"1";"2";"0";"0";"0";"0";"0";"0";"2";"0";"2";"0";"0";"0";"0";"0";"0";"1";"1";"0";"0";"0";"0";"0";"0";"0";"0";"0";"0";"-2";"01.1001";"Food Science";"19-1012";"Food Scientists and Technologists";"Food scientists and technologists";"19.4";"21.5";"0.0";"0.0";"2.1";"10.8";"8.5"
"100654";"Alabama A & M University";"2012";"First major";"Bachelors degree";"No";"0";"0";"0";"0";"0";"0";"0";"0";"0";"0";"0";"0";"0";"0";"0";"0";"0";"0";"0";"0";"0";"0";"0";"0";"0";"0";"0";"0";"0";"0";"-2";"01.1199";"Plant Sciences, Other";"19-1013";"Soil and Plant Scientists";"Soil and plant scientists";"16.3";"17.6";"0.0";"0.0";"1.2";"7.5";"6.7"
"100654";"Alabama A & M University";"2012";"First major";"Masters degree";"No";"0";"0";"0";"0";"0";"0";"0";"0";"0";"0";"0";"0";"0";"0";"0";"0";"0";"0";"0";"0";"0";"0";"0";"0";"0";"0";"0";"0";"0";"0";"-2";"01.1199";"Plant Sciences, Other";"19-1013";"Soil and Plant Scientists";"Soil and plant scientists";"16.3";"17.6";"0.0";"0.0";"1.2";"7.5";"6.7"
"100654";"Alabama A & M University";"2012";"First major";"Bachelors degree";"No";"8";"8";"0";"0";"0";"0";"0";"0";"0";"6";"6";"0";"1";"1";"0";"0";"0";"0";"1";"1";"0";"0";"0";"0";"0";"0";"0";"0";"0";"0";"-2";"03.0599";"Forestry, Other";"19-1032";"Foresters";"Foresters";"12.0";"12.8";"0.0";"0.0";"0.7";"6.1";"4.2"
"100654";"Alabama A & M University";"2012";"First major";"Bachelors degree";"No";"4";"1";"3";"0";"0";"0";"0";"0";"0";"4";"1";"3";"0";"0";"0";"0";"0";"0";"0";"0";"0";"0";"0";"0";"0";"0";"0";"0";"0";"0";"-2";"04.0301";"City/Urban, Community and Regional Planning";"11-9041";"Architectural and Engineering Managers";"Architectural and engineering managers";"193.8";"206.9";"0.1";"0.1";"13.1";"6.7";"60.6"
"100654";"Alabama A & M University";"2012";"First major";"Masters degree";"No";"7";"4";"3";"0";"0";"0";"0";"0";"0";"7";"4";"3";"0";"0";"0";"0";"0";"0";"0";"0";"0";"0";"0";"0";"0";"0";"0";"0";"0";"0";"-2";"04.0301";"City/Urban, Community and Regional Planning";"11-9041";"Architectural and Engineering Managers";"Architectural and engineering managers";"193.8";"206.9";"0.1";"0.1";"13.1";"6.7";"60.6"
"100654";"Alabama A & M University";"2012";"First major";"Bachelors degree";"No";"12";"5";"7";"0";"0";"0";"0";"0";"0";"12";"5";"7";"0";"0";"0";"0";"0";"0";"0";"0";"0";"0";"0";"0";"0";"0";"0";"0";"0";"0";"-2";"10.0202";"Radio and Television Broadcasting Technology/Technician";"27-4012";"Broadcast Technicians";"Broadcast technicians";"36.7";"37.9";"0.0";"0.0";"1.2";"3.2";"7.8"
"100654";"Alabama A & M University";"2012";"First major";"Bachelors degree";"No";"16";"15";"1";"0";"0";"0";"0";"0";"0";"16";"15";"1";"0";"0";"0";"0";"0";"0";"0";"0";"0";"0";"0";"0";"0";"0";"0";"0";"0";"0";"-2";"11.0101";"Computer and Information Sciences, General";"11-3021";"Computer and Information Systems Managers";"Computer and information systems managers";"332.7";"383.6";"0.2";"0.2";"50.9";"15.3";"97.1"
"100654";"Alabama A & M University";"2012";"First major";"Masters degree";"No";"9";"4";"5";"0";"0";"0";"4";"3";"1";"5";"1";"4";"0";"0";"0";"0";"0";"0";"0";"0";"0";"0";"0";"0";"0";"0";"0";"0";"0";"0";"-2";"11.0101";"Computer and Information Sciences, General";"11-3021";"Computer and Information Systems Managers";"Computer and information systems managers";"332.7";"383.6";"0.2";"0.2";"50.9";"15.3";"97.1"
"100654";"Alabama A & M University";"2012";"First major";"Post-masters certificate";"No";"14";"4";"10";"0";"0";"0";"0";"0";"0";"13";"4";"9";"0";"0";"0";"0";"0";"0";"1";"0";"1";"0";"0";"0";"0";"0";"0";"0";"0";"0";"-2";"13.0101";"Education, General";"25-1081";"Education Teachers, Postsecondary";"Education teachers, postsecondary";"79.3";"90.9";"0.1";"0.1";"11.6";"14.6";"23.5"
"100654";"Alabama A & M University";"2012";"First major";"Masters degree";"No";"4";"2";"2";"0";"0";"0";"0";"0";"0";"2";"1";"1";"0";"0";"0";"0";"0";"0";"2";"1";"1";"0";"0";"0";"0";"0";"0";"0";"0";"0";"-2";"13.0401";"Educational Leadership and Administration, General";"11-9031";"Education Administrators, Preschool and Childcare Center/Program";"Education administrators, preschool and childcare center/program";"63.8";"74.7";"0.0";"0.0";"10.9";"17.0";"27.8"
"100654";"Alabama A & M University";"2012";"First major";"Bachelors degree";"No";"4";"1";"3";"0";"0";"0";"0";"0";"0";"1";"0";"1";"0";"0";"0";"0";"0";"0";"2";"1";"1";"0";"0";"0";"0";"0";"0";"1";"0";"1";"-2";"13.1001";"Special Education and Teaching, General";"25-2051";"Special Education Teachers, Preschool";"Special education teachers, preschool";"22.3";"25.9";"0.0";"0.0";"3.6";"16.2";"7.4"
"100654";"Alabama A & M University";"2012";"First major";"Masters degree";"No";"5";"0";"5";"0";"0";"0";"0";"0";"0";"5";"0";"5";"0";"0";"0";"0";"0";"0";"0";"0";"0";"0";"0";"0";"0";"0";"0";"0";"0";"0";"-2";"13.1001";"Special Education and Teaching, General";"25-2051";"Special Education Teachers, Preschool";"Special education teachers, preschool";"22.3";"25.9";"0.0";"0.0";"3.6";"16.2";"7.4"
"100654";"Alabama A & M University";"2012";"First major";"Bachelors degree";"No";"7";"0";"7";"0";"0";"0";"0";"0";"0";"6";"0";"6";"0";"0";"0";"0";"0";"0";"1";"0";"1";"0";"0";"0";"0";"0";"0";"0";"0";"0";"-2";"13.1012";"Education/Teaching of Individuals with Speech or Language Impairments";"25-2051";"Special Education Teachers, Preschool";"Special education teachers, preschool";"22.3";"25.9";"0.0";"0.0";"3.6";"16.2";"7.4"
"100654";"Alabama A & M University";"2012";"First major";"Bachelors degree";"No";"14";"4";"10";"0";"0";"0";"0";"0";"0";"12";"3";"9";"0";"0";"0";"0";"0";"0";"1";"1";"0";"0";"0";"0";"0";"0";"0";"1";"0";"1";"-2";"13.1202";"Elementary Education and Teaching";"25-2021";"Elementary School Teachers, Except Special Education";"Elementary school teachers, except special education";"1361.2";"1529.1";"0.9";"0.9";"167.9";"12.3";"467.4"
"100654";"Alabama A & M University";"2012";"First major";"Masters degree";"No";"7";"1";"6";"0";"0";"0";"0";"0";"0";"3";"0";"3";"0";"0";"0";"0";"0";"0";"4";"1";"3";"0";"0";"0";"0";"0";"0";"0";"0";"0";"-2";"13.1202";"Elementary Education and Teaching";"25-2021";"Elementary School Teachers, Except Special Education";"Elementary school teachers, except special education";"1361.2";"1529.1";"0.9";"0.9";"167.9";"12.3";"467.4"
"100654";"Alabama A & M University";"2012";"First major";"Bachelors degree";"No";"9";"4";"5";"0";"0";"0";"0";"0";"0";"7";"2";"5";"0";"0";"0";"0";"0";"0";"2";"2";"0";"0";"0";"0";"0";"0";"0";"0";"0";"0";"-2";"13.1205";"Secondary Education and Teaching";"25-2031";"Secondary School Teachers, Except Special and Career/Technical Education";"Secondary school teachers, except special and career/technical education";"955.8";"1008.7";"0.7";"0.6";"52.9";"5.5";"312.6"
"100654";"Alabama A & M University";"2012";"First major";"Masters degree";"No";"26";"12";"14";"0";"0";"0";"0";"0";"0";"14";"4";"10";"0";"0";"0";"0";"0";"0";"12";"8";"4";"0";"0";"0";"0";"0";"0";"0";"0";"0";"-2";"13.1205";"Secondary Education and Teaching";"25-2031";"Secondary School Teachers, Except Special and Career/Technical Education";"Secondary school teachers, except special and career/technical education";"955.8";"1008.7";"0.7";"0.6";"52.9";"5.5";"312.6"
"100654";"Alabama A & M University";"2012";"First major";"Bachelors degree";"No";"7";"0";"7";"0";"0";"0";"0";"0";"0";"6";"0";"6";"0";"0";"0";"0";"0";"0";"1";"0";"1";"0";"0";"0";"0";"0";"0";"0";"0";"0";"-2";"13.1210";"Early Childhood Education and Teaching";"25-2011";"Preschool Teachers, Except Special Education";"Preschool teachers, except special education";"438.2";"514.6";"0.3";"0.3";"76.4";"17.4";"199.4"
"100654";"Alabama A & M University";"2012";"First major";"Masters degree";"No";"1";"0";"1";"0";"0";"0";"0";"0";"0";"0";"0";"0";"0";"0";"0";"0";"0";"0";"1";"0";"1";"0";"0";"0";"0";"0";"0";"0";"0";"0";"-2";"13.1210";"Early Childhood Education and Teaching";"25-2011";"Preschool Teachers, Except Special Education";"Preschool teachers, except special education";"438.2";"514.6";"0.3";"0.3";"76.4";"17.4";"199.4"
"100654";"Alabama A & M University";"2012";"First major";"Bachelors degree";"No";"0";"0";"0";"0";"0";"0";"0";"0";"0";"0";"0";"0";"0";"0";"0";"0";"0";"0";"0";"0";"0";"0";"0";"0";"0";"0";"0";"0";"0";"0";"-2";"13.1302";"Art Teacher Education";"25-1081";"Education Teachers, Postsecondary";"Education teachers, postsecondary";"79.3";"90.9";"0.1";"0.1";"11.6";"14.6";"23.5"
"100654";"Alabama A & M University";"2012";"First major";"Masters degree";"No";"1";"0";"1";"0";"0";"0";"0";"0";"0";"0";"0";"0";"0";"0";"0";"0";"0";"0";"1";"0";"1";"0";"0";"0";"0";"0";"0";"0";"0";"0";"-2";"13.1302";"Art Teacher Education";"25-1081";"Education Teachers, Postsecondary";"Education teachers, postsecondary";"79.3";"90.9";"0.1";"0.1";"11.6";"14.6";"23.5"
"100654";"Alabama A & M University";"2012";"First major";"Bachelors degree";"No";"5";"4";"1";"0";"0";"0";"0";"0";"0";"5";"4";"1";"0";"0";"0";"0";"0";"0";"0";"0";"0";"0";"0";"0";"0";"0";"0";"0";"0";"0";"-2";"13.1312";"Music Teacher Education";"25-1081";"Education Teachers, Postsecondary";"Education teachers, postsecondary";"79.3";"90.9";"0.1";"0.1";"11.6";"14.6";"23.5"
"100654";"Alabama A & M University";"2012";"First major";"Bachelors degree";"No";"18";"13";"5";"0";"0";"0";"0";"0";"0";"18";"13";"5";"0";"0";"0";"0";"0";"0";"0";"0";"0";"0";"0";"0";"0";"0";"0";"0";"0";"0";"-2";"13.1314";"Physical Education Teaching and Coaching";"25-1081";"Education Teachers, Postsecondary";"Education teachers, postsecondary";"79.3";"90.9";"0.1";"0.1";"11.6";"14.6";"23.5"
"100654";"Alabama A & M University";"2012";"First major";"Masters degree";"No";"2";"2";"0";"0";"0";"0";"0";"0";"0";"2";"2";"0";"0";"0";"0";"0";"0";"0";"0";"0";"0";"0";"0";"0";"0";"0";"0";"0";"0";"0";"-2";"13.1314";"Physical Education Teaching and Coaching";"25-1081";"Education Teachers, Postsecondary";"Education teachers, postsecondary";"79.3";"90.9";"0.1";"0.1";"11.6";"14.6";"23.5"
"100654";"Alabama A & M University";"2012";"First major";"Doctors degree - research/scholarship ";"No";"2";"0";"2";"0";"0";"0";"0";"0";"0";"2";"0";"2";"0";"0";"0";"0";"0";"0";"0";"0";"0";"0";"0";"0";"0";"0";"0";"0";"0";"0";"-2";"13.1315";"Reading Teacher Education";"25-1081";"Education Teachers, Postsecondary";"Education teachers, postsecondary";"79.3";"90.9";"0.1";"0.1";"11.6";"14.6";"23.5"
"100654";"Alabama A & M University";"2012";"First major";"Bachelors degree";"No";"15";"12";"3";"0";"0";"0";"0";"0";"0";"13";"10";"3";"0";"0";"0";"0";"0";"0";"2";"2";"0";"0";"0";"0";"0";"0";"0";"0";"0";"0";"-2";"14.0801";"Civil Engineering, General";"11-9041";"Architectural and Engineering Managers";"Architectural and engineering managers";"193.8";"206.9";"0.1";"0.1";"13.1";"6.7";"60.6"
"100654";"Alabama A & M University";"2012";"First major";"Bachelors degree";"No";"34";"24";"10";"0";"0";"0";"0";"0";"0";"34";"24";"10";"0";"0";"0";"0";"0";"0";"0";"0";"0";"0";"0";"0";"0";"0";"0";"0";"0";"0";"-2";"14.1001";"Electrical and Electronics Engineering";"11-9041";"Architectural and Engineering Managers";"Architectural and engineering managers";"193.8";"206.9";"0.1";"0.1";"13.1";"6.7";"60.6"
"100654";"Alabama A & M University";"2012";"First major";"Bachelors degree";"No";"24";"20";"4";"0";"0";"0";"0";"0";"0";"23";"19";"4";"0";"0";"0";"0";"0";"0";"1";"1";"0";"0";"0";"0";"0";"0";"0";"0";"0";"0";"-2";"14.1901";"Mechanical Engineering";"11-9041";"Architectural and Engineering Managers";"Architectural and engineering managers";"193.8";"206.9";"0.1";"0.1";"13.1";"6.7";"60.6"
"100654";"Alabama A & M University";"2012";"First major";"Masters degree";"No";"4";"3";"1";"0";"0";"0";"0";"0";"0";"4";"3";"1";"0";"0";"0";"0";"0";"0";"0";"0";"0";"0";"0";"0";"0";"0";"0";"0";"0";"0";"-2";"14.9999";"Engineering, Other";"11-9041";"Architectural and Engineering Managers";"Architectural and engineering managers";"193.8";"206.9";"0.1";"0.1";"13.1";"6.7";"60.6"
"100654";"Alabama A & M University";"2012";"First major";"Bachelors degree";"No";"0";"0";"0";"0";"0";"0";"0";"0";"0";"0";"0";"0";"0";"0";"0";"0";"0";"0";"0";"0";"0";"0";"0";"0";"0";"0";"0";"0";"0";"0";"-2";"15.0201";"Civil Engineering Technology/Technician";"17-3022";"Civil Engineering Technicians";"Civil engineering technicians";"73.1";"73.6";"0.1";"0.0";"0.4";"0.6";"15.6"
"100654";"Alabama A & M University";"2012";"First major";"Bachelors degree";"No";"6";"4";"2";"1";"1";"0";"0";"0";"0";"5";"3";"2";"0";"0";"0";"0";"0";"0";"0";"0";"0";"0";"0";"0";"0";"0";"0";"0";"0";"0";"-2";"15.0399";"Electrical and Electronic Engineering Technologies/Technicians, Other";"17-3023";"Electrical and Electronics Engineering Technicians";"Electrical and electronics engineering technicians";"146.5";"146.5";"0.1";"0.1";"0.0";"0.0";"30.4"
"100654";"Alabama A & M University";"2012";"First major";"Bachelors degree";"No";"6";"4";"2";"0";"0";"0";"0";"0";"0";"6";"4";"2";"0";"0";"0";"0";"0";"0";"0";"0";"0";"0";"0";"0";"0";"0";"0";"0";"0";"0";"-2";"15.0612";"Industrial Technology/Technician";"17-3026";"Industrial Engineering Technicians";"Industrial engineering technicians";"68.0";"65.8";"0.0";"0.0";"-2.2";"-3.2";"14.1"
"100654";"Alabama A & M University";"2012";"First major";"Masters degree";"No";"6";"5";"1";"0";"0";"0";"1";"1";"0";"4";"3";"1";"0";"0";"0";"0";"0";"0";"1";"1";"0";"0";"0";"0";"0";"0";"0";"0";"0";"0";"-2";"15.0612";"Industrial Technology/Technician";"17-3026";"Industrial Engineering Technicians";"Industrial engineering technicians";"68.0";"65.8";"0.0";"0.0";"-2.2";"-3.2";"14.1"
"100654";"Alabama A & M University";"2012";"First major";"Bachelors degree";"No";"4";"4";"0";"0";"0";"0";"0";"0";"0";"3";"3";"0";"0";"0";"0";"0";"0";"0";"1";"1";"0";"0";"0";"0";"0";"0";"0";"0";"0";"0";"-2";"15.0899";"Mechanical Engineering Related Technologies/Technicians, Other";"17-3027";"Mechanical Engineering Technicians";"Mechanical engineering technicians";"47.5";"49.7";"0.0";"0.0";"2.2";"4.7";"12.1"
"100654";"Alabama A & M University";"2012";"First major";"Bachelors degree";"No";"5";"5";"0";"0";"0";"0";"0";"0";"0";"5";"5";"0";"0";"0";"0";"0";"0";"0";"0";"0";"0";"0";"0";"0";"0";"0";"0";"0";"0";"0";"-2";"15.1001";"Construction Engineering Technology/Technician";"11-9021";"Construction Managers";"Construction managers";"485.0";"563.2";"0.3";"0.3";"78.2";"16.1";"154.6"
"100654";"Alabama A & M University";"2012";"First major";"Bachelors degree";"No";"22";"2";"20";"0";"0";"0";"0";"0";"0";"21";"2";"19";"1";"0";"1";"0";"0";"0";"0";"0";"0";"0";"0";"0";"0";"0";"0";"0";"0";"0";"-2";"19.0101";"Family and Consumer Sciences/Human Sciences, General";"25-1192";"Home Economics Teachers, Postsecondary";"Home economics teachers, postsecondary";"5.6";"6.2";"0.0";"0.0";"0.5";"9.6";"1.4"
"100654";"Alabama A & M University";"2012";"First major";"Masters degree";"No";"7";"1";"6";"0";"0";"0";"0";"0";"0";"7";"1";"6";"0";"0";"0";"0";"0";"0";"0";"0";"0";"0";"0";"0";"0";"0";"0";"0";"0";"0";"-2";"19.0101";"Family and Consumer Sciences/Human Sciences, General";"25-1192";"Home Economics Teachers, Postsecondary";"Home economics teachers, postsecondary";"5.6";"6.2";"0.0";"0.0";"0.5";"9.6";"1.4"
"100654";"Alabama A & M University";"2012";"First major";"Bachelors degree";"No";"5";"1";"4";"0";"0";"0";"0";"0";"0";"5";"1";"4";"0";"0";"0";"0";"0";"0";"0";"0";"0";"0";"0";"0";"0";"0";"0";"0";"0";"0";"-2";"23.0101";"English Language and Literature, General";"25-1123";"English Language and Literature Teachers, Postsecondary";"English language and literature teachers, postsecondary";"86.8";"97.4";"0.1";"0.1";"10.6";"12.2";"23.6"
"100654";"Alabama A & M University";"2012";"First major";"Bachelors degree";"No";"15";"10";"5";"0";"0";"0";"0";"0";"0";"15";"10";"5";"0";"0";"0";"0";"0";"0";"0";"0";"0";"0";"0";"0";"0";"0";"0";"0";"0";"0";"-2";"24.0102";"General Studies";"25-1199";"Postsecondary Teachers, All Other";"Postsecondary teachers, all other";"248.0";"280.2";"0.2";"0.2";"32.2";"13.0";"69.5"
"100654";"Alabama A & M University";"2012";"First major";"Bachelors degree";"No";"54";"19";"35";"0";"0";"0";"0";"0";"0";"53";"18";"35";"0";"0";"0";"0";"0";"0";"0";"0";"0";"0";"0";"0";"0";"0";"0";"1";"1";"0";"-2";"26.0101";"Biology/Biological Sciences, General";"11-9121";"Natural Sciences Managers";"Natural sciences managers";"51.6";"54.5";"0.0";"0.0";"2.9";"5.7";"13.7"
"100654";"Alabama A & M University";"2012";"First major";"Masters degree";"No";"9";"2";"7";"0";"0";"0";"0";"0";"0";"8";"2";"6";"0";"0";"0";"0";"0";"0";"1";"0";"1";"0";"0";"0";"0";"0";"0";"0";"0";"0";"-2";"26.0101";"Biology/Biological Sciences, General";"11-9121";"Natural Sciences Managers";"Natural sciences managers";"51.6";"54.5";"0.0";"0.0";"2.9";"5.7";"13.7"
"100654";"Alabama A & M University";"2012";"First major";"Bachelors degree";"No";"4";"2";"2";"0";"0";"0";"1";"0";"1";"3";"2";"1";"0";"0";"0";"0";"0";"0";"0";"0";"0";"0";"0";"0";"0";"0";"0";"0";"0";"0";"-2";"27.0101";"Mathematics, General";"11-9121";"Natural Sciences Managers";"Natural sciences managers";"51.6";"54.5";"0.0";"0.0";"2.9";"5.7";"13.7"
"100654";"Alabama A & M University";"2012";"First major";"Bachelors degree";"No";"6";"1";"5";"0";"0";"0";"0";"0";"0";"6";"1";"5";"0";"0";"0";"0";"0";"0";"0";"0";"0";"0";"0";"0";"0";"0";"0";"0";"0";"0";"-2";"40.0501";"Chemistry, General";"11-9121";"Natural Sciences Managers";"Natural sciences managers";"51.6";"54.5";"0.0";"0.0";"2.9";"5.7";"13.7"
